Date,Price,Open,High,Low,Vol.,Change %
12/29/2023,74773.85,74480.29,74838.76,74366.97,368.6,0.36
12/28/2023,74502.58,73768.64,74502.58,73734.59,384.58,0.99
12/27/2023,73768.64,74034.23,74249.15,73762.07,432.91,-0.34
12/22/2023,74023.27,74288.88,74430.47,74018.72,423.2,-0.36
12/21/2023,74289.02,73397.71,74292.76,73397.71,760.93,1.21
12/20/2023,73397.71,72470.1,73399.61,72470.1,552.22,1.28
12/19/2023,72470.1,72404.91,72489.21,72320.32,411.06,0.09
12/18/2023,72404.91,72389.23,72413.13,72276.75,324.15,0.02
12/15/2023,72389.23,72458.76,72671.03,72368.3,307.15,-0.09
12/14/2023,72455.83,72299.79,72539.04,72299.79,446.58,0.22
12/13/2023,72299.79,71907.26,72299.79,71907.26,433.18,0.55
12/12/2023,71907.26,71669.91,71907.26,71641.05,319.41,0.33
12/11/2023,71669.91,71559.1,71685.84,71503.35,375.31,0.18
12/08/2023,71541.74,71458.35,71541.74,70741.96,503.66,0.12
12/07/2023,71457.92,71591.46,71603.36,71424.74,436.56,-0.49
12/06/2023,71808.64,71253.78,71866.37,71242.31,690.01,0.78
12/05/2023,71250.17,70946.83,71250.17,70945.55,433.57,0.43
12/04/2023,70946.83,71433.64,71607.91,70946.37,358.51,-0.66
12/01/2023,71419.87,71365.27,71456.61,71356.11,361.12,0.08
11/30/2023,71365.25,71284.18,71388.13,71270.17,540.09,0.11
11/29/2023,71283.34,71163.09,71360.17,71129.47,360.6,0.34
11/28/2023,71041.05,71353.82,71438.19,71000.1,534.62,-0.44
11/27/2023,71353.81,71241.96,71566.58,70810.51,746.64,0.17
11/24/2023,71230.49,71072.34,71242.18,71069.65,582.76,0.25
11/23/2023,71052.85,71009.71,71055.28,70990.01,563.7,0.07
11/22/2023,71003.98,71067.29,71089.79,70970.75,428.44,-0.09
11/21/2023,71066.55,71008.99,71079.86,71007.31,491.4,0.08
11/20/2023,71008.78,71112.99,71122.32,70959.16,358.45,-0.15
11/17/2023,71112.99,71025.59,71169.7,71013.7,441.58,0.12
11/16/2023,71025.16,71014.12,71080.3,71011.23,483.8,0.02
11/15/2023,71014.34,70840.72,71023.15,70836.5,297.32,0.19
11/14/2023,70876.35,70612.81,70876.35,70609.14,327.43,0.37
11/13/2023,70612.81,70846.27,71131.22,70612.81,474.39,-0.34
11/10/2023,70854.18,70819.49,70873.82,70807.93,556.7,0.05
11/09/2023,70819.58,70775.13,70888.97,70645.15,569.19,0.07
11/08/2023,70773.38,70613.6,70773.38,70613.6,558.33,0.23
11/07/2023,70613.6,70479.62,70618.64,70456.92,449.28,0.19
11/06/2023,70479.62,70196.93,70519.31,70196.93,391.01,0.4
11/03/2023,70196.93,70042.28,70532.21,69807.45,410.36,0.22
11/02/2023,70042.28,70582.0,70584.69,70005.39,525.46,-0.76
11/01/2023,70581.76,69243.91,70581.76,69222.13,601.73,1.94
10/31/2023,69236.19,68111.71,69245.88,68111.71,483.27,1.65
10/30/2023,68111.71,67136.58,68111.71,67134.14,430.39,1.45
10/27/2023,67136.58,67095.5,67235.67,67083.31,214.15,0.08
10/26/2023,67084.95,67193.43,67211.19,67067.33,267.59,-0.18
10/25/2023,67206.16,67217.77,67383.6,67206.16,329.56,-0.02
10/24/2023,67217.77,66876.92,67217.77,66876.92,319.9,0.51
10/23/2023,66876.92,66915.41,66924.82,66860.14,314.62,-0.06
10/20/2023,66915.41,67077.79,67081.18,66909.15,205.88,-0.27
10/19/2023,67098.8,67353.23,67355.6,67083.2,298.69,-0.38
10/18/2023,67353.23,67326.12,67440.22,67326.12,397.56,0.04
10/17/2023,67326.12,67037.93,67326.12,67037.21,377.97,0.43
10/16/2023,67037.93,67200.03,67303.23,67022.94,216.07,-0.24
10/13/2023,67200.69,67122.84,67214.3,67121.04,224.07,0.1
10/12/2023,67133.19,67100.49,67152.93,67100.49,309.32,0.05
10/11/2023,67100.49,66984.32,67190.54,66981.09,410.32,0.17
10/10/2023,66984.62,67101.39,67118.93,66956.31,257.42,-0.17
10/09/2023,67101.57,66454.57,67123.22,66454.57,268.65,0.97
10/06/2023,66454.57,66532.84,67188.68,66210.45,374.09,-0.17
10/05/2023,66570.19,66481.99,66570.19,66474.7,357.45,0.13
10/04/2023,66482.28,66770.97,66891.05,66449.33,657.51,-0.43
10/03/2023,66770.97,66382.14,66966.66,66382.14,364.32,0.59
09/29/2023,66382.14,66448.63,66508.55,65865.33,292.94,-0.1
09/28/2023,66448.63,66665.16,66710.95,66399.02,273.8,-0.31
09/26/2023,66652.17,66882.64,66937.3,66218.36,363.94,-0.34
09/25/2023,66882.64,67227.17,67281.98,66882.64,408.19,-0.66
09/22/2023,67324.59,68272.66,68310.05,67277.43,1.03,-1.39
09/21/2023,68271.14,68336.4,68377.26,68215.4,1.12,-0.09
09/20/2023,68335.72,68375.47,68495.83,68113.02,566.63,-0.03
09/19/2023,68359.22,67878.2,68370.9,67878.2,676.74,0.71
09/18/2023,67877.17,67395.74,67877.17,67395.74,515.28,0.71
09/15/2023,67395.74,67335.3,67395.74,67199.04,408.87,0.07
09/14/2023,67347.73,67419.5,67471.13,67243.92,788.54,-0.1
09/13/2023,67414.4,66780.64,67421.4,66780.64,569.63,0.98
09/12/2023,66760.2,67198.77,67198.77,66485.44,645.51,-0.8
09/11/2023,67296.18,68143.34,68162.71,67284.52,520.13,-1.24
09/08/2023,68143.34,68082.11,68195.76,68082.11,483.49,0.09
09/07/2023,68082.11,68286.28,68316.4,67969.08,378.09,-0.3
09/06/2023,68286.28,68325.27,68347.52,67624.46,378.65,-0.07
09/05/2023,68334.68,68279.5,68457.06,68156.5,557.8,0.08
09/04/2023,68279.14,67568.03,68302.55,67568.03,744.76,1.11
09/01/2023,67527.19,66548.99,67527.19,66120.9,503.75,1.47
08/31/2023,66548.99,66439.53,66548.99,66225.71,620.95,0.16
08/30/2023,66439.53,66490.34,66649.93,66359.67,637.19,-0.08
08/29/2023,66490.34,66153.23,66554.58,66153.23,436.95,0.51
08/28/2023,66151.38,65558.91,66151.38,65558.91,311.12,0.9
08/25/2023,65558.91,65401.82,65585.28,65401.82,356.02,0.24
08/24/2023,65401.82,65493.1,66185.04,65374.39,583.09,-0.14
08/23/2023,65492.92,65488.67,65567.61,65416.76,348.32,0.01
08/22/2023,65488.67,65198.74,65672.68,65191.01,293.46,0.44
08/21/2023,65202.41,64721.09,65202.41,64690.33,231.6,0.71
08/18/2023,64743.96,64469.75,64784.47,64450.4,537.58,0.12
08/17/2023,64663.78,64625.28,64663.78,64452.84,320.35,0.06
08/16/2023,64625.28,64928.98,65128.21,64549.58,291.68,-0.47
08/15/2023,64928.98,65023.8,65028.46,64860.22,280.47,-0.43
08/14/2023,65210.49,65325.37,65358.76,65183.22,259.04,-0.18
08/11/2023,65325.37,65204.82,65352.7,65189.91,489.69,0.18
08/10/2023,65205.35,64167.39,65205.35,64154.19,361.2,1.62
08/09/2023,64167.39,65385.45,65396.93,64167.39,238.04,-1.75
08/08/2023,65309.65,65336.71,65393.68,65212.96,317.81,-0.04
08/07/2023,65336.8,65198.08,65340.27,65192.01,334.33,0.21
08/04/2023,65198.08,65263.06,65309.66,64910.29,363.14,-0.1
08/03/2023,65263.06,64267.36,65323.2,64267.36,445.28,1.55
08/02/2023,64267.36,64193.38,64301.59,63773.76,330.77,0.12
08/01/2023,64192.2,64337.3,64340.24,64003.17,762.1,-0.23
07/31/2023,64337.52,65056.39,65075.94,64296.31,673.42,-1.1
07/28/2023,65056.39,65482.91,65482.91,64957.85,459.77,-0.65
07/27/2023,65482.91,65687.16,65730.63,65436.85,509.25,-0.31
07/26/2023,65687.16,65992.29,66009.8,65549.37,500.4,-0.46
07/25/2023,65991.02,65268.28,66017.94,65072.82,553.52,1.11
07/24/2023,65268.28,65012.97,65268.28,64892.11,831.5,0.41
07/21/2023,65003.39,63938.12,65015.76,63938.12,770.78,1.68
07/20/2023,63930.72,63757.23,63930.72,63745.52,1.36,0.27
07/19/2023,63757.23,63766.72,63835.33,63580.77,473.49,-0.01
07/18/2023,63766.72,62943.35,63766.72,62895.72,868.8,1.31
07/17/2023,62943.35,62569.73,63272.79,62439.22,710.02,0.6
07/14/2023,62569.73,62748.94,63076.58,62441.33,600.49,-0.29
07/13/2023,62748.94,64046.61,64095.69,62729.77,798.47,-2.03
07/12/2023,64046.93,65669.29,65669.29,63880.87,1.16,-2.47
07/11/2023,65669.29,64603.69,65999.97,64516.55,844.72,1.65
07/10/2023,64603.69,63040.41,64674.08,63040.41,1.84,2.48
07/07/2023,63040.87,62023.17,63040.87,62023.17,1.23,1.65
07/06/2023,62019.88,61536.76,62048.05,61509.0,5.44,0.81
07/05/2023,61523.57,60720.02,61572.41,60705.92,846.32,1.33
07/04/2023,60715.04,61949.24,61949.24,60713.56,1.11,-1.99
07/03/2023,61948.99,60991.12,61962.7,60991.12,1.21,1.61
06/30/2023,60968.27,60109.02,60968.82,60109.02,998.08,1.43
06/27/2023,60109.41,59332.61,60109.41,59315.04,763.69,1.3
06/26/2023,59338.76,59208.11,59500.39,59197.74,552.68,0.22
06/23/2023,59206.63,59211.26,59252.78,59164.94,627.87,-0.26
06/22/2023,59361.6,59324.99,59373.28,59279.36,615.91,0.06
06/21/2023,59323.95,59110.6,59399.54,59097.09,643.03,0.36
06/20/2023,59110.02,59014.85,59125.75,59012.15,588.84,0.16
06/19/2023,59016.12,59000.96,59227.72,58925.92,892.95,0.03
06/16/2023,59000.96,59195.21,59233.16,58897.65,622.42,-0.33
06/15/2023,59195.21,59985.1,60442.12,59121.7,1.17,-1.32
06/14/2023,59985.1,58163.76,60072.73,58163.76,1.3,3.13
06/13/2023,58163.55,55930.97,58195.59,55930.97,1.19,3.99
06/09/2023,55930.97,55956.59,55998.75,55867.98,574.63,-0.05
06/08/2023,55956.59,56024.83,56030.97,55361.68,531.78,-0.12
06/07/2023,56025.56,56038.85,56089.52,56006.8,397.62,-0.02
06/06/2023,56038.85,55806.71,56038.85,55768.37,322.49,0.42
06/05/2023,55807.09,55820.5,55820.5,55694.52,369.75,-0.03
06/02/2023,55822.82,55808.25,55828.59,55570.81,455.76,0.03
06/01/2023,55808.25,55769.91,55832.68,55713.6,390.22,0.07
05/31/2023,55769.28,55741.49,55800.21,55436.5,661.51,0.04
05/30/2023,55745.74,52973.88,55745.74,52973.88,1.08,5.23
05/26/2023,52973.88,52821.6,52991.18,52415.13,461.78,0.29
05/25/2023,52821.64,52927.6,52928.28,52723.15,377.14,-0.2
05/24/2023,52927.6,52621.19,52942.62,52581.88,455.18,0.58
05/23/2023,52621.19,52374.89,52621.19,52361.95,350.97,0.48
05/22/2023,52369.13,52187.93,52369.13,52145.28,315.68,0.35
05/19/2023,52187.93,52109.45,52187.93,52064.86,584.66,0.15
05/18/2023,52109.43,52063.21,52139.51,52044.02,334.24,-0.9
05/17/2023,52580.86,52417.09,52636.93,52417.09,680.8,0.31
05/16/2023,52419.33,52231.29,52436.45,52231.29,576.85,0.36
05/15/2023,52231.29,52214.62,52250.73,52212.44,626.39,0.03
05/12/2023,52214.62,52162.14,52215.66,52159.75,1.42,0.1
05/11/2023,52161.24,52202.53,52251.68,52100.03,477.27,-0.09
05/10/2023,52209.31,52605.41,52684.07,52077.15,554.31,-0.76
05/09/2023,52606.51,52576.26,52658.89,52551.76,640.95,0.05
05/08/2023,52579.52,52465.33,52622.37,52465.33,511.37,0.22
05/05/2023,52466.52,52290.75,52469.78,52273.06,482.58,0.34
05/04/2023,52290.75,52207.77,52308.82,52207.77,770.12,0.16
05/03/2023,52207.77,52296.48,52300.31,52172.84,670.08,-0.17
05/02/2023,52299.24,52406.88,52426.46,52088.98,418.4,-0.2
04/28/2023,52403.51,52235.88,52468.51,52223.82,472.13,0.32
04/27/2023,52235.88,52097.62,52308.3,52084.74,2.33,0.27
04/26/2023,52097.62,51608.39,52108.38,51605.13,1.48,0.81
04/25/2023,51681.01,51407.96,51681.55,51407.96,541.96,0.63
04/20/2023,51355.74,51237.16,51363.29,51019.11,600.77,0.29
04/19/2023,51209.01,51138.92,51209.01,51138.92,216.53,0.15
04/18/2023,51134.85,51127.38,51144.76,51105.04,1.03,0.03
04/17/2023,51120.94,51709.5,51710.82,51095.23,226.59,-1.51
04/14/2023,51903.61,51944.58,51954.9,51886.65,260.7,-0.08
04/13/2023,51944.58,51953.41,51981.35,51941.27,302.92,-0.02
04/12/2023,51953.41,51952.99,51960.77,51935.95,255.16,0.0
04/11/2023,51952.99,52994.13,52997.1,51945.98,1.72,-1.96
04/06/2023,52994.13,53018.97,53031.41,52991.04,266.95,-0.05
04/05/2023,53018.97,54035.39,54041.08,53003.51,197.21,-1.97
04/04/2023,54082.96,54187.48,54206.0,54051.37,296.68,-0.2
04/03/2023,54190.28,54232.34,54236.59,54186.51,292.56,-1.22
03/31/2023,54857.96,54413.21,54869.86,54413.21,557.93,0.82
03/30/2023,54413.21,53603.8,54413.21,53603.8,973.58,1.51
03/29/2023,53603.8,53124.63,53668.06,53124.16,236.06,0.2
03/28/2023,53498.27,53750.77,53876.52,53498.27,202.85,-0.47
03/27/2023,53750.77,54780.44,54780.44,53750.77,100.88,-2.08
03/24/2023,54892.53,54924.08,54944.3,54314.52,137.56,-0.06
03/23/2023,54924.08,54936.11,54951.96,54919.5,117.85,-0.02
03/22/2023,54936.11,54904.68,54959.44,54904.68,134.15,0.06
03/21/2023,54904.68,54886.04,54921.85,54880.02,127.74,0.03
03/20/2023,54888.48,54915.39,54997.28,54856.36,1.17,-0.09
03/17/2023,54935.2,54915.61,54948.43,54913.86,156.97,0.04
03/16/2023,54915.61,55490.2,55490.2,54844.29,137.28,-1.04
03/15/2023,55490.2,55722.9,55722.99,55441.6,181.04,-0.42
03/14/2023,55722.9,55788.37,55788.37,55693.39,199.27,-0.12
03/13/2023,55788.37,55794.51,55926.89,55788.37,179.03,-0.01
03/10/2023,55794.51,55822.14,55827.87,55779.25,275.92,-0.05
03/09/2023,55822.14,55801.14,55830.28,55629.24,311.47,0.04
03/08/2023,55801.14,55603.94,55820.42,55596.67,152.74,0.35
03/07/2023,55603.94,55605.57,55623.29,55522.41,159.46,0.0
03/06/2023,55605.57,55529.21,55645.51,55515.15,123.54,0.14
03/03/2023,55529.21,55670.08,55710.62,55529.21,184.24,-0.25
03/02/2023,55670.24,55510.1,55670.24,55281.94,205.66,0.29
03/01/2023,55508.61,55806.26,55985.47,55385.9,232.58,-0.53
02/28/2023,55806.26,55328.42,55819.41,55322.01,237.09,0.86
02/27/2023,55328.42,54949.21,55334.96,54941.76,149.77,0.69
02/24/2023,54949.21,54811.59,54955.12,54787.29,119.09,0.55
02/23/2023,54646.38,54315.53,54646.38,54315.42,142.04,0.61
02/22/2023,54315.53,54189.31,54315.53,54182.36,129.85,0.23
02/21/2023,54189.31,54224.35,54224.54,54182.61,129.11,-0.06
02/20/2023,54224.35,53804.46,54229.61,53796.91,154.61,0.78
02/17/2023,53804.46,54520.2,54553.73,53804.46,172.9,-1.32
02/16/2023,54521.49,54507.66,54547.2,54506.43,125.85,0.03
02/15/2023,54507.66,54496.31,54513.44,54475.44,134.43,0.02
02/14/2023,54496.31,54364.67,54542.1,54338.99,177.9,0.24
02/13/2023,54364.67,54327.3,54378.64,54327.3,140.64,0.07
02/10/2023,54327.3,54359.9,54383.13,54301.52,175.66,-0.06
02/09/2023,54359.9,54427.05,54429.93,54358.2,225.38,-0.12
02/08/2023,54427.05,54299.57,54441.81,54285.38,151.58,0.23
02/07/2023,54299.76,54367.86,54369.44,54236.37,200.04,-0.13
02/06/2023,54367.74,54213.09,54367.74,54206.4,191.64,0.29
02/03/2023,54213.09,53998.12,54213.09,53994.01,267.99,0.4
02/02/2023,53998.12,53499.31,53998.12,53483.4,2.87,0.93
02/01/2023,53499.68,53238.67,53499.68,53234.31,200.37,0.49
01/31/2023,53238.67,53157.49,53299.54,53157.49,250.19,0.15
01/30/2023,53157.83,52649.24,53167.11,52639.28,201.36,0.95
01/27/2023,52657.88,52752.96,52753.28,52213.7,171.11,-0.18
01/26/2023,52752.96,52599.65,52752.96,52599.65,139.68,0.29
01/25/2023,52599.65,52612.55,52636.48,52477.59,119.79,-0.02
01/24/2023,52612.55,52657.69,52691.04,52533.14,182.39,-0.09
01/23/2023,52657.69,52594.68,52657.69,52585.64,143.73,0.12
01/20/2023,52594.68,52626.42,52642.34,52586.87,443.75,-0.06
01/19/2023,52626.42,52615.51,52631.8,52603.89,129.03,0.02
01/18/2023,52615.51,52701.31,52718.7,52558.62,217.95,-0.16
01/17/2023,52701.31,52343.41,52737.72,52329.29,228.49,0.67
01/16/2023,52348.82,52512.48,52519.61,52348.82,220.65,-0.31
01/13/2023,52512.48,52048.85,52512.48,52048.85,216.92,0.89
01/12/2023,52048.85,51729.87,52495.11,51696.17,211.69,0.62
01/11/2023,51729.87,51446.6,51746.32,51369.76,281.8,0.55
01/10/2023,51446.6,51693.08,51712.97,51220.23,345.49,-0.49
01/09/2023,51700.36,51222.34,51841.05,51207.13,229.22,0.93
01/06/2023,51222.34,50868.52,51222.34,50830.51,195.71,0.7
01/05/2023,50868.52,51657.56,51785.05,50842.95,138.72,-1.53
01/04/2023,51657.56,51598.35,51668.24,51198.49,265.73,0.12
01/03/2023,51595.66,51251.06,51595.66,51241.36,129.17,0.67
12/30/2022,51251.06,50294.6,51346.08,50247.57,890.15,1.89
12/29/2022,50300.0,49934.6,50313.18,49934.6,297.94,0.73
12/28/2022,49934.6,49706.09,49934.6,49695.81,498.73,0.46
12/23/2022,49706.09,49499.43,49737.1,49493.53,140.32,0.42
12/22/2022,49499.43,49475.43,49525.32,49398.37,132.51,0.05
12/21/2022,49475.43,49416.51,49492.97,49416.51,411.15,0.12
12/20/2022,49416.18,49414.96,49446.36,49382.43,100.06,0.0
12/19/2022,49414.96,49316.2,49414.96,49316.2,76.74,0.2
12/16/2022,49316.29,49233.02,49340.28,49222.58,103.66,0.17
12/15/2022,49233.02,48988.04,49249.96,48979.1,222.74,0.5
12/14/2022,48988.04,48853.54,49045.36,48853.54,88.02,0.28
12/13/2022,48853.54,48899.08,49101.57,48820.32,162.87,-0.09
12/12/2022,48899.08,48881.93,48901.96,48853.33,236.58,0.04
12/09/2022,48881.93,48365.14,48881.93,48365.14,100.82,1.07
12/08/2022,48365.14,48426.49,48572.14,48183.06,148.16,-0.13
12/07/2022,48426.49,48366.69,48426.49,48348.67,146.21,0.12
12/06/2022,48366.69,48270.23,48399.33,48269.48,184.62,0.2
12/05/2022,48270.23,48154.65,48373.03,48154.65,185.11,0.24
12/02/2022,48154.65,47656.64,48198.48,47656.64,159.81,1.04
12/01/2022,47656.64,47660.04,47769.38,47537.87,172.89,-0.01
11/30/2022,47660.04,47322.97,47662.71,47318.9,107.02,0.71
11/29/2022,47322.97,47436.45,47450.71,47299.16,120.94,-0.24
11/28/2022,47436.45,47554.34,47576.0,47389.79,279.28,-0.25
11/25/2022,47554.34,46604.94,47562.29,46424.6,98.98,2.04
11/24/2022,46604.94,46232.6,46604.94,46186.63,138.6,0.81
11/23/2022,46232.37,44934.73,46233.18,44899.66,185.59,2.9
11/22/2022,44929.33,44662.96,44976.21,44662.96,126.08,0.51
11/21/2022,44701.84,44492.73,44701.84,44492.73,159.56,0.47
11/18/2022,44492.73,44011.22,44492.73,44001.7,146.68,1.09
11/17/2022,44011.22,44046.94,44052.82,43969.57,97.7,-0.09
11/16/2022,44050.44,43808.25,44050.44,43808.25,159.43,0.55
11/15/2022,43808.25,43818.12,43857.81,43788.18,103.42,-0.02
11/14/2022,43818.12,43956.76,43956.76,43770.82,187.08,-0.34
11/11/2022,43968.75,43943.46,43994.65,43924.32,209.71,0.06
11/10/2022,43942.82,43477.48,44287.55,43393.2,404.99,1.07
11/09/2022,43477.48,43461.6,44071.41,43448.58,133.4,0.04
11/08/2022,43461.6,44269.43,44293.1,43439.72,249.91,-1.82
11/07/2022,44269.43,44269.18,44272.07,44217.38,103.26,0.0
11/04/2022,44269.18,44236.7,44275.32,44171.5,356.73,0.07
11/03/2022,44236.7,44283.02,44286.16,44209.17,215.11,-0.1
11/02/2022,44283.02,43745.73,44283.02,43626.57,155.41,1.23
11/01/2022,43745.73,43835.94,43968.82,43657.95,172.87,-0.21
10/31/2022,43839.08,43910.65,43912.82,43650.2,160.91,-0.17
10/28/2022,43912.64,44625.18,44625.18,43671.26,122.79,-1.6
10/27/2022,44625.18,44859.78,44883.39,44615.15,150.97,-0.52
10/26/2022,44859.78,44788.14,44887.55,44767.49,93.51,0.16
10/25/2022,44788.14,44461.63,44824.37,44266.04,159.21,0.73
10/24/2022,44461.63,44396.73,44491.61,44368.24,72.32,0.15
10/21/2022,44396.73,44332.21,44403.55,44332.21,95.08,0.15
10/20/2022,44332.21,44318.15,44341.65,44294.21,119.22,0.03
10/19/2022,44318.15,45366.32,45505.22,44302.24,165.35,-2.31
10/18/2022,45366.32,46365.95,46365.95,44937.92,420.16,-2.16
10/17/2022,46365.95,47569.04,47588.29,46343.39,137.88,-2.53
10/14/2022,47569.04,47524.38,47579.14,47428.96,124.41,0.09
10/13/2022,47524.38,47531.84,47550.47,47486.8,86.54,-0.02
10/12/2022,47531.84,47565.92,47572.78,47529.93,155.18,-0.07
10/11/2022,47565.92,47351.43,47664.66,47195.25,125.65,0.45
10/07/2022,47351.43,47260.89,47351.62,47257.3,137.28,0.19
10/06/2022,47260.89,48836.7,48890.97,47238.35,140.66,-3.23
10/05/2022,48836.7,48879.74,48919.32,48818.2,135.52,-0.09
10/04/2022,48879.74,49035.07,49038.76,48865.47,173.46,-0.29
09/30/2022,49024.16,48967.56,49024.16,48945.43,356.73,0.12
09/29/2022,48964.83,49171.7,49218.17,48947.91,220.78,-0.42
09/28/2022,49171.7,49161.45,49258.73,49119.51,101.57,0.02
09/27/2022,49161.45,49189.32,49223.31,49154.5,206.2,-0.12
09/26/2022,49218.35,49053.91,49226.12,49053.91,119.28,0.39
09/23/2022,49026.62,49190.34,49309.63,48994.15,169.18,-0.33
09/22/2022,49190.34,49421.91,49424.82,49164.75,126.74,-0.47
09/21/2022,49421.91,49446.18,49455.99,49318.55,51.88,-0.05
09/20/2022,49445.31,49440.21,49446.01,49378.93,147.59,0.01
09/19/2022,49440.21,49475.42,49479.45,49400.12,67.37,-0.07
09/16/2022,49475.42,49540.48,49543.81,49470.28,107.49,-0.13
09/15/2022,49540.48,49578.83,49579.34,49534.65,167.6,-0.07
09/14/2022,49576.05,49627.72,49637.12,49573.6,197.26,-0.1
09/13/2022,49627.72,49625.71,49655.34,49612.4,147.46,0.0
09/12/2022,49626.05,49695.12,49703.85,49626.05,86.59,-0.14
09/09/2022,49695.12,49652.25,49697.61,49652.25,319.09,0.09
09/08/2022,49652.25,49599.73,49658.07,49577.38,161.88,0.03
09/07/2022,49635.76,49644.92,49654.72,49616.03,128.94,-0.02
09/06/2022,49644.92,49991.41,49994.14,49639.64,138.94,-0.69
09/05/2022,49991.41,50045.83,50084.83,49988.28,200.92,-0.11
09/02/2022,50045.83,49889.8,50056.3,49889.8,240.02,0.31
09/01/2022,49889.88,49836.51,49934.2,49836.51,229.12,0.11
08/31/2022,49836.51,49642.69,49836.51,49642.69,367.34,0.39
08/30/2022,49642.69,49676.75,49682.93,49625.32,125.95,-0.07
08/29/2022,49676.75,49682.15,49686.95,49624.28,232.94,-0.01
08/26/2022,49682.15,49661.87,49728.46,49628.73,193.51,0.04
08/25/2022,49661.87,48675.24,49662.09,48670.87,226.47,2.03
08/24/2022,48675.33,48554.76,48681.0,48554.76,167.57,0.22
08/23/2022,48567.14,49344.67,49344.67,48511.58,204.15,-1.58
08/22/2022,49346.4,49370.62,49381.15,49334.23,122.73,-0.05
08/19/2022,49370.62,49395.43,49432.87,49367.26,132.2,-0.35
08/18/2022,49546.38,49691.17,49694.34,49487.74,146.99,-0.29
08/17/2022,49691.17,49709.46,49712.96,49681.24,128.79,-0.04
08/16/2022,49709.46,49629.43,49737.86,49629.43,204.16,0.1
08/15/2022,49657.33,49664.07,49724.7,49373.13,210.83,-0.01
08/12/2022,49664.07,50017.51,50017.51,49371.37,272.07,-0.7
08/11/2022,50014.6,50075.47,50256.83,50009.12,133.59,-0.12
08/10/2022,50075.47,49350.71,50127.02,49337.73,279.22,1.47
08/09/2022,49350.71,50489.73,50489.73,49342.6,140.58,-2.26
08/08/2022,50489.73,50722.33,50740.18,50489.07,207.2,-0.46
08/05/2022,50722.33,50582.3,50722.33,50556.7,148.81,0.28
08/04/2022,50582.3,50594.97,50720.86,50372.55,130.44,-0.03
08/03/2022,50594.97,50626.04,50647.19,50242.94,121.16,-0.06
08/02/2022,50626.04,49950.32,50626.04,49950.32,129.16,1.35
08/01/2022,49950.32,50370.25,50372.43,49886.94,176.05,-0.83
07/29/2022,50370.25,49702.07,50370.25,49687.77,243.29,1.42
07/28/2022,49667.14,50182.73,50182.73,49603.12,206.21,-1.04
07/27/2022,50188.55,50442.37,50447.87,50163.4,192.41,-0.5
07/26/2022,50442.37,51400.53,51405.6,50409.9,156.17,-1.86
07/25/2022,51400.53,51979.92,51979.92,51327.74,98.75,-1.11
07/22/2022,51979.92,52122.0,52129.19,51979.92,205.06,-0.27
07/21/2022,52122.0,52186.52,52204.52,52098.87,151.94,-0.12
07/20/2022,52186.52,52308.88,52310.53,52142.18,238.27,-0.23
07/19/2022,52308.88,52319.94,52333.28,52250.79,205.6,-0.02
07/18/2022,52319.94,52215.12,52510.17,52215.12,116.28,0.2
07/15/2022,52215.12,51339.01,52542.93,51330.29,190.1,1.71
07/14/2022,51338.27,51390.25,51390.25,51304.74,115.25,-0.44
07/13/2022,51567.69,51557.41,51584.83,51507.55,198.79,0.02
07/08/2022,51557.41,51563.73,51581.17,51546.84,115.13,-0.01
07/07/2022,51563.73,51556.54,51570.71,51530.4,143.28,0.01
07/06/2022,51556.54,51586.5,51612.97,51553.86,135.26,-0.06
07/05/2022,51586.5,51795.23,51807.97,51571.37,234.48,-0.4
07/04/2022,51791.45,51829.67,51871.89,51713.99,194.08,-0.07
07/01/2022,51829.67,51817.59,51829.67,51769.02,127.03,0.02
06/30/2022,51817.59,51802.48,51991.27,51759.56,223.1,0.03
06/29/2022,51802.48,51803.98,51810.45,51789.9,416.47,0.0
06/28/2022,51803.98,51962.85,51975.06,51779.76,314.6,-0.31
06/27/2022,51962.85,51705.61,51986.94,51703.49,266.51,0.5
06/24/2022,51705.61,51618.73,51708.52,51618.73,156.09,0.17
06/23/2022,51618.73,51377.21,51740.21,51375.06,223.25,0.47
06/22/2022,51377.21,51093.23,51377.21,50628.4,229.26,0.56
06/21/2022,51091.75,50755.98,51213.17,50532.29,166.96,0.66
06/20/2022,50756.74,51778.08,51804.21,50750.6,196.26,-1.97
06/17/2022,51778.08,52411.09,52451.43,51755.18,241.19,-1.21
06/16/2022,52411.09,52775.4,52783.52,52374.04,211.61,-0.69
06/15/2022,52775.4,53113.64,53113.64,52773.2,188.09,-0.64
06/14/2022,53114.65,53201.38,53202.13,53097.77,299.81,-0.16
06/10/2022,53201.38,53170.73,53201.38,53136.98,273.24,0.06
06/09/2022,53170.73,53183.99,53206.08,53166.01,318.42,-0.04
06/08/2022,53193.98,53270.88,53270.88,53190.75,248.94,-0.14
06/07/2022,53270.88,53086.46,53276.66,53046.72,234.62,0.35
06/06/2022,53086.86,52908.24,53090.16,52889.13,755.62,0.34
06/03/2022,52908.24,52815.78,52925.86,52803.19,280.87,0.13
06/02/2022,52840.14,52974.15,52989.45,52831.61,274.42,-0.25
06/01/2022,52974.15,52990.28,53045.12,52952.24,295.34,-1.24
05/31/2022,53637.14,53772.14,53787.3,53608.72,318.27,-0.25
05/30/2022,53772.35,54085.3,54085.3,53735.83,227.55,-0.58
05/27/2022,54085.3,53151.32,54290.84,53151.32,208.08,1.76
05/26/2022,53151.32,52591.41,53161.43,52587.01,266.18,1.06
05/25/2022,52591.41,51949.64,52594.84,51574.46,382.45,1.24
05/24/2022,51949.64,52911.51,52911.51,51940.57,720.12,-1.82
05/23/2022,52911.51,52979.96,53009.5,52909.1,263.24,-0.13
05/20/2022,52979.96,53275.49,53774.61,52951.38,436.56,-0.55
05/19/2022,53275.49,52721.34,53281.31,52717.88,274.41,1.05
05/18/2022,52721.34,52756.62,52793.13,52721.34,611.83,-0.07
05/17/2022,52756.62,52944.44,52950.34,52756.62,552.47,-0.36
05/16/2022,52944.65,53098.46,53098.46,52896.88,374.18,-0.29
05/13/2022,53100.21,52917.76,53100.21,52898.9,303.48,0.34
05/12/2022,52917.76,52844.84,53069.29,52843.48,426.02,0.15
05/11/2022,52838.45,51805.41,53064.58,51805.41,417.26,1.99
05/10/2022,51805.41,51902.48,51902.48,51562.68,331.35,-0.19
05/09/2022,51903.44,50935.79,51956.75,50922.91,337.43,1.9
05/06/2022,50937.01,50838.1,50993.59,50838.1,466.28,0.2
05/05/2022,50835.95,50126.41,50835.95,50113.49,462.4,1.42
05/04/2022,50126.41,49640.3,50132.88,49636.44,669.27,0.98
04/29/2022,49638.94,48840.49,49638.94,48840.43,319.35,1.64
04/28/2022,48837.76,48571.75,48853.68,48571.75,759.65,0.55
04/27/2022,48571.75,48568.57,48620.21,48551.58,246.7,0.01
04/26/2022,48568.57,48543.36,48662.06,48540.73,464.73,0.02
04/25/2022,48558.91,48459.65,48562.2,48089.55,328.38,0.2
04/22/2022,48459.65,48236.08,48459.65,48229.1,342.14,0.49
04/21/2022,48223.86,48138.71,48223.86,48132.09,244.69,0.18
04/20/2022,48138.71,47545.86,48138.71,47503.0,349.48,1.25
04/19/2022,47545.86,47510.38,47551.72,47459.18,365.45,-0.03
04/14/2022,47558.45,47367.31,47600.37,47367.31,385.18,0.4
04/13/2022,47367.31,47205.03,47388.15,47188.1,391.89,0.34
04/12/2022,47205.03,46872.25,47231.66,46872.25,245.42,0.72
04/11/2022,46867.95,46631.46,46871.63,46624.78,224.63,0.51
04/08/2022,46631.46,46543.51,46631.46,46542.14,154.1,0.19
04/07/2022,46543.51,46771.62,46806.53,46524.68,244.02,-0.48
04/06/2022,46766.16,46775.76,46785.41,46751.63,261.59,-0.02
04/05/2022,46777.37,46687.85,46792.3,46675.8,257.4,0.19
04/04/2022,46687.85,46844.13,46844.13,46654.45,219.5,-0.33
04/01/2022,46842.86,46963.75,46973.78,46780.08,257.29,-0.26
03/31/2022,46965.48,46904.48,46983.32,46832.26,256.02,0.13
03/30/2022,46904.48,46843.09,46916.17,46824.71,201.15,0.13
03/29/2022,46843.09,46893.86,46905.13,46831.85,214.32,-0.12
03/28/2022,46898.23,46958.95,46966.36,46754.39,359.89,-0.14
03/25/2022,46964.23,46958.68,46993.74,46957.13,177.09,0.01
03/24/2022,46961.62,47016.5,47017.08,46931.38,214.7,-0.43
03/23/2022,47163.94,47156.56,47167.97,47132.62,267.48,0.02
03/22/2022,47156.56,47251.93,47251.93,47125.55,303.46,-0.2
03/21/2022,47251.93,47282.67,47282.67,47196.55,213.56,-0.07
03/18/2022,47282.67,47353.22,47353.22,47221.34,599.49,-0.15
03/17/2022,47353.22,47364.46,47398.8,47338.91,239.73,-0.02
03/16/2022,47364.46,47340.86,47373.96,47338.48,145.83,0.05
03/15/2022,47340.86,47428.67,47431.39,47334.64,183.26,-0.19
03/14/2022,47428.67,47437.48,47466.61,47358.72,1.28,-0.02
03/11/2022,47437.48,47363.98,47437.48,47234.26,1.15,0.16
03/10/2022,47363.98,47287.09,47383.77,47180.59,261.56,0.16
03/09/2022,47287.09,47154.35,47292.91,47129.66,336.3,0.28
03/08/2022,47154.35,47262.61,47283.62,47122.34,754.93,-0.23
03/07/2022,47262.61,47268.61,47309.8,47223.94,291.88,-0.01
03/04/2022,47268.61,47296.07,47298.15,47253.88,179.28,-0.06
03/03/2022,47296.07,47360.79,47404.02,47202.6,243.42,-0.14
03/02/2022,47360.79,47482.73,47486.15,47313.53,279.95,-0.26
03/01/2022,47482.73,47394.53,47613.7,47358.48,370.44,0.19
02/28/2022,47394.53,47328.42,47394.53,47328.42,300.62,0.14
02/25/2022,47328.42,47272.04,47378.54,47264.97,253.29,0.12
02/24/2022,47272.04,47207.27,47295.28,47207.27,340.66,0.14
02/23/2022,47207.27,47246.9,47265.69,47207.27,230.65,-0.08
02/22/2022,47246.9,47233.91,47282.44,47233.91,421.78,0.03
02/21/2022,47233.91,47140.48,47243.74,47139.8,421.36,0.2
02/18/2022,47140.48,47102.64,47142.51,47091.67,344.69,0.08
02/17/2022,47102.64,47109.25,47128.46,47074.78,357.74,-0.01
02/16/2022,47109.25,47064.82,47199.41,47051.36,318.25,0.09
02/15/2022,47064.82,47063.28,47107.99,47046.93,274.2,0.0
02/14/2022,47066.77,47202.3,47232.47,47011.74,338.02,-0.29
02/11/2022,47202.3,47286.34,47301.44,47129.45,311.49,-0.18
02/10/2022,47286.34,47157.23,47286.34,47154.06,198.08,0.27
02/09/2022,47157.23,47057.24,47157.23,47057.24,297.0,0.21
02/08/2022,47057.24,47203.39,47203.39,47037.24,238.22,-0.31
02/07/2022,47203.39,47279.92,47324.09,47198.42,285.47,-0.16
02/04/2022,47279.92,47329.8,47329.8,47263.54,225.69,-0.11
02/03/2022,47329.8,46930.66,47335.63,46860.85,346.7,0.85
02/02/2022,46930.66,47113.95,47131.29,46901.44,434.94,-0.38
02/01/2022,47111.21,46630.13,47126.27,46626.42,341.5,1.04
01/31/2022,46624.67,46206.65,46628.34,46183.34,435.79,0.91
01/28/2022,46205.05,46009.23,46207.24,46009.23,313.44,0.43
01/27/2022,46009.23,46529.99,46769.16,46000.72,279.44,-1.12
01/26/2022,46529.99,45939.51,46905.63,45939.51,328.98,1.29
01/25/2022,45939.51,45928.27,45939.66,45898.24,247.68,0.02
01/24/2022,45928.27,45957.35,45966.26,45921.75,278.44,-0.06
01/21/2022,45957.35,45890.52,45957.35,45875.04,281.59,0.15
01/20/2022,45890.52,45430.14,45890.52,45395.57,355.91,1.01
01/19/2022,45430.14,44655.89,45430.4,44352.61,252.94,1.73
01/18/2022,44655.89,44402.39,44663.47,44401.63,235.23,0.58
01/17/2022,44399.66,44454.67,44768.94,44390.49,214.31,-0.12
01/14/2022,44454.67,44604.74,44614.64,44334.33,405.73,-0.34
01/13/2022,44604.74,44608.82,44621.66,44582.61,321.75,-0.01
01/12/2022,44608.82,43859.3,44609.24,43858.36,266.31,1.71
01/11/2022,43859.3,43897.13,44083.08,43855.54,294.54,-0.09
01/10/2022,43897.13,43854.42,44345.64,43854.42,310.9,0.1
01/07/2022,43854.42,43605.21,43857.6,43605.21,395.15,0.57
01/06/2022,43607.94,43476.75,43607.94,43145.77,174.61,0.3
01/05/2022,43476.75,43026.23,43476.75,42479.57,1.24,1.05
01/04/2022,43026.23,42716.44,43052.31,42651.87,216.65,0.73
12/31/2021,42716.44,41822.29,42725.8,41768.16,455.21,2.16
12/30/2021,41813.27,41807.1,41815.32,41753.53,359.96,0.01
12/29/2021,41807.1,42262.85,42295.21,41745.37,180.15,-1.08
12/24/2021,42262.85,42230.48,42269.66,42217.46,111.84,0.08
12/23/2021,42230.48,42244.22,42263.82,42207.99,211.08,-0.03
12/22/2021,42244.22,42388.57,42390.74,42240.71,224.02,-0.34
12/21/2021,42388.57,42391.31,42408.73,42377.62,275.93,-0.01
12/20/2021,42394.71,42353.31,42464.09,42351.93,142.07,0.1
12/17/2021,42353.31,42270.23,42404.62,42270.23,341.68,0.2
12/16/2021,42270.23,42357.36,42386.83,42262.85,249.43,-0.21
12/15/2021,42357.36,42317.52,42374.92,42294.66,226.18,0.09
12/14/2021,42317.52,42411.12,42411.12,42301.42,270.09,-0.22
12/13/2021,42411.12,41882.97,42582.94,41816.06,229.62,1.26
12/10/2021,41882.97,41685.22,41882.97,41684.07,444.93,0.47
12/09/2021,41685.22,42435.16,42446.44,41527.21,473.37,-1.77
12/08/2021,42435.16,42018.14,42445.32,42000.96,649.76,0.99
12/07/2021,42018.92,42008.6,42041.37,41927.22,639.43,0.02
12/06/2021,42008.6,42164.51,42192.71,41980.53,422.18,-0.38
12/03/2021,42167.91,42248.76,42263.97,42137.26,180.7,-0.19
12/02/2021,42247.98,42463.16,42465.57,42241.65,324.01,-0.51
12/01/2021,42463.16,43248.05,43248.3,42463.16,335.47,-1.81
11/30/2021,43248.05,43270.94,43275.21,43200.59,224.91,-0.05
11/29/2021,43270.94,43303.76,43319.46,43248.91,213.12,-0.09
11/26/2021,43308.29,43108.77,43334.93,43069.97,305.32,0.46
11/25/2021,43108.77,43250.34,43250.34,43094.14,266.11,-0.32
11/24/2021,43245.02,43265.36,43302.59,43233.98,243.17,-0.02
11/23/2021,43255.14,43260.13,43285.89,43234.57,217.97,-0.03
11/22/2021,43266.27,43199.27,43290.2,43199.27,433.59,0.16
11/19/2021,43199.27,43285.97,43288.25,43150.47,199.52,-0.2
11/18/2021,43285.97,43355.54,43362.77,43285.03,209.64,-0.15
11/17/2021,43349.9,43444.2,43495.91,43346.72,264.79,-0.24
11/16/2021,43455.82,43230.34,43469.31,43175.64,423.82,0.52
11/15/2021,43230.34,43253.01,43298.86,43176.42,293.43,-0.05
11/12/2021,43253.01,43549.28,43616.34,43247.79,314.85,-0.82
11/11/2021,43609.06,43707.3,43709.28,43589.26,161.3,-0.22
11/10/2021,43707.3,43730.55,44068.7,43685.97,270.68,-0.05
11/09/2021,43730.55,43246.87,43895.46,43245.14,280.7,1.12
11/08/2021,43246.87,42013.72,43246.87,41976.3,443.6,2.93
11/05/2021,42014.5,41943.83,42014.5,41943.83,277.04,0.17
11/04/2021,41943.83,41975.45,41985.99,41930.73,160.88,-0.08
11/03/2021,41975.45,42013.39,42042.45,41964.97,292.94,-0.09
11/02/2021,42013.39,41977.1,42151.04,41969.42,318.91,0.09
11/01/2021,41976.79,42038.6,42047.5,41976.79,377.93,-0.15
10/29/2021,42038.6,41961.14,42054.18,41950.82,334.74,0.18
10/28/2021,41961.14,41779.27,41975.68,41778.54,558.89,0.41
10/27/2021,41790.26,41814.94,41814.94,41766.41,284.6,-0.06
10/26/2021,41814.94,41814.74,41856.59,41744.38,348.33,0.0
10/25/2021,41814.74,41763.26,41868.43,41738.33,674.5,0.12
10/22/2021,41763.26,41704.11,41770.57,41691.69,510.18,0.14
10/21/2021,41704.11,41249.71,41744.32,41230.41,216.18,1.1
10/20/2021,41249.71,41144.67,41278.17,41083.89,499.51,0.26
10/18/2021,41144.67,41438.15,41438.93,41125.06,338.72,-0.71
10/15/2021,41438.15,41129.98,41438.15,41023.53,728.96,0.75
10/14/2021,41129.98,41051.19,41144.99,41041.35,908.05,0.19
10/13/2021,41051.19,40896.96,41072.67,40896.96,446.17,0.38
10/12/2021,40897.19,40714.0,40914.83,40714.0,563.88,0.45
10/11/2021,40714.22,40868.36,40877.68,40596.68,191.25,-0.38
10/08/2021,40868.36,40829.15,40884.8,40808.72,331.04,0.1
10/07/2021,40829.15,40820.31,40842.93,40764.21,339.29,0.16
10/06/2021,40765.2,40716.66,40883.39,40716.66,400.64,0.12
10/05/2021,40716.66,40243.05,40722.95,40241.49,432.99,1.18
10/04/2021,40243.05,40221.17,40266.46,40221.17,202.35,0.05
09/30/2021,40221.17,39590.91,40221.17,39073.9,282.81,1.59
09/29/2021,39592.29,38858.99,39592.29,38854.32,474.37,1.89
09/28/2021,38858.99,38864.33,38864.56,38841.84,526.3,-0.01
09/27/2021,38864.33,38962.28,38965.3,38511.97,139.42,-0.25
09/24/2021,38962.28,38874.69,38962.28,38832.05,633.52,0.23
09/23/2021,38874.13,38852.69,38889.58,38848.18,125.8,0.06
09/22/2021,38852.69,38873.85,38874.92,38846.86,155.38,-0.05
09/21/2021,38873.85,38906.42,38906.82,38849.57,184.44,-0.08
09/20/2021,38906.42,38943.87,38961.46,38900.92,181.95,-0.1
09/17/2021,38943.87,38911.31,38943.87,38873.71,155.1,0.08
09/16/2021,38911.31,38968.34,38968.34,38908.1,130.18,-0.15
09/15/2021,38968.34,38920.5,38968.34,38858.01,141.37,0.12
09/14/2021,38920.5,38915.62,38936.99,38897.68,228.48,0.01
09/13/2021,38915.62,38921.78,38943.24,38911.36,201.1,-0.02
09/10/2021,38921.78,39201.33,39201.33,38887.11,154.56,-0.71
09/09/2021,39201.33,39204.52,39216.34,39177.84,350.5,-0.01
09/08/2021,39204.52,39251.29,39258.21,39195.82,354.05,-0.12
09/07/2021,39251.29,39252.89,39273.75,39241.54,355.94,0.0
09/06/2021,39252.98,39261.01,39290.84,39237.81,210.95,-0.02
09/03/2021,39261.01,39252.19,39261.01,39220.04,180.29,0.02
09/02/2021,39252.19,39184.18,39252.19,39158.88,262.14,0.17
09/01/2021,39184.22,39220.18,39233.36,39170.92,169.3,-0.09
08/31/2021,39219.61,39326.67,39334.88,39204.49,425.66,-0.27
08/30/2021,39326.67,39485.65,39534.81,39294.21,301.01,-0.4
08/27/2021,39485.65,39477.41,39511.75,39462.4,232.85,0.02
08/26/2021,39477.18,39449.82,39482.35,39449.82,186.32,0.07
08/25/2021,39450.0,39460.9,39481.65,39438.3,197.4,-0.03
08/24/2021,39460.68,39434.69,39466.71,39429.68,196.81,0.07
08/23/2021,39434.69,39483.15,39494.93,39424.95,210.93,-0.12
08/20/2021,39483.08,39666.88,39678.04,39472.65,280.57,-0.47
08/19/2021,39670.29,39539.65,39670.29,39462.39,201.84,0.32
08/18/2021,39545.67,39550.36,39550.38,39538.29,132.08,-0.01
08/17/2021,39550.36,39505.4,39550.36,39257.85,110.77,0.11
08/16/2021,39508.41,39522.34,39524.53,39474.46,141.24,-0.06
08/13/2021,39533.97,39490.06,39534.46,39489.7,188.74,0.11
08/12/2021,39490.06,39448.46,39582.3,39356.59,570.2,0.11
08/11/2021,39448.46,39176.62,39451.5,39176.62,181.4,0.69
08/10/2021,39176.62,38565.04,39198.5,38544.57,224.56,1.58
08/09/2021,38567.26,38810.75,38837.34,38551.25,194.95,-0.63
08/06/2021,38811.11,38803.85,38894.87,38803.85,167.68,0.02
08/05/2021,38801.51,38927.83,38950.74,38797.27,139.78,-0.32
08/04/2021,38927.83,38917.99,38931.12,38894.15,206.26,0.03
08/03/2021,38917.99,38604.72,38927.75,38604.72,231.42,0.81
08/02/2021,38604.72,38547.08,38658.71,38532.78,244.28,0.15
07/30/2021,38547.08,38484.82,38560.99,38484.59,387.13,0.16
07/29/2021,38484.82,38791.03,38791.03,38356.43,259.97,-0.79
07/28/2021,38791.03,38813.36,38829.61,38788.73,237.45,-0.03
07/27/2021,38802.15,38849.08,38882.79,38794.38,243.07,-0.12
07/26/2021,38849.08,38667.9,38852.1,38662.82,246.5,0.47
07/23/2021,38667.9,38585.52,38667.9,38578.85,230.25,0.21
07/22/2021,38585.52,37952.65,38597.88,37933.38,203.11,1.67
07/19/2021,37952.65,37947.18,37953.35,37912.5,462.79,0.01
07/16/2021,37947.18,37868.05,37954.67,37868.05,266.75,0.21
07/15/2021,37866.9,37872.55,37889.44,37855.92,159.99,-0.01
07/14/2021,37872.55,37857.24,37872.55,37805.95,197.23,0.04
07/13/2021,37857.24,37857.89,37881.58,37846.94,197.27,0.0
07/12/2021,37857.89,37994.19,37994.27,37852.03,187.24,-0.36
07/09/2021,37994.19,38468.5,38472.14,37980.21,241.84,-1.23
07/08/2021,38467.64,38501.31,38501.31,38425.98,220.16,-0.03
07/07/2021,38478.26,38421.6,38497.97,38403.3,280.26,0.17
07/06/2021,38413.33,38220.01,38416.78,38220.01,274.47,0.49
07/05/2021,38224.74,38212.01,38243.0,38189.99,270.28,0.01
07/02/2021,38219.88,37898.56,38219.88,37890.5,194.57,0.85
07/01/2021,37898.59,37907.43,37911.82,37892.2,205.45,-0.02
06/30/2021,37907.28,37640.75,37907.42,37640.75,213.7,0.78
06/29/2021,37612.72,37585.25,37612.72,37555.3,215.99,-0.12
06/28/2021,37656.68,37658.26,37671.53,37634.8,157.73,0.01
06/25/2021,37653.12,37954.35,38036.47,37639.93,191.23,-0.76
06/24/2021,37941.85,37804.46,37965.04,37800.89,149.4,0.36
06/23/2021,37804.46,37847.07,37851.38,37804.46,208.36,-0.11
06/22/2021,37847.07,38545.3,38545.3,37831.2,218.27,-2.15
06/21/2021,38678.48,38648.91,38678.48,38623.99,209.21,0.1
06/18/2021,38641.33,38615.11,38648.91,38607.39,220.61,0.07
06/17/2021,38614.45,38570.72,38624.53,38570.72,157.74,0.15
06/16/2021,38557.11,38507.29,38557.23,38455.41,296.46,0.15
06/15/2021,38501.03,39156.28,39168.59,38491.86,284.62,-1.68
06/11/2021,39157.29,39210.1,39262.71,39130.07,289.07,-0.13
06/10/2021,39210.1,39170.95,39210.1,39159.5,158.36,0.1
06/09/2021,39170.95,38881.7,39177.51,38881.7,181.49,0.74
06/08/2021,38881.7,38686.4,38881.7,38661.48,218.51,0.5
06/07/2021,38688.98,38726.1,38726.1,38669.01,210.65,-0.1
06/04/2021,38726.1,38548.24,38726.1,38529.7,199.06,0.45
06/03/2021,38551.06,38482.52,38551.06,38438.16,249.69,0.18
06/02/2021,38482.52,38414.37,38488.3,38370.69,156.91,0.18
06/01/2021,38414.37,38437.88,38457.39,38395.37,274.85,-0.06
05/31/2021,38437.88,38256.24,38441.83,38256.24,201.86,0.47
05/28/2021,38256.99,38044.58,38257.1,37563.79,228.66,0.53
05/27/2021,38056.21,38233.68,38300.48,38056.21,214.17,-0.46
05/26/2021,38233.68,38256.76,38271.94,38226.89,203.09,-0.06
05/25/2021,38256.76,38287.58,38288.39,38246.33,250.2,-0.22
05/24/2021,38341.66,38324.07,38382.35,38324.07,141.09,0.05
05/21/2021,38324.07,38328.13,38331.63,38282.64,174.27,-0.01
05/20/2021,38328.13,38445.09,38453.56,38284.56,156.99,-0.31
05/19/2021,38446.09,39022.52,39105.55,38416.5,153.64,-1.48
05/18/2021,39023.28,39306.47,39308.06,38850.57,204.65,-0.72
05/17/2021,39307.19,39483.51,39483.51,39303.31,357.45,-0.47
05/14/2021,39494.7,39382.96,39494.7,39377.01,219.55,0.28
05/11/2021,39382.96,39312.86,39436.28,39280.91,295.87,0.18
05/10/2021,39312.74,39198.75,39409.17,39198.75,324.19,0.29
05/07/2021,39198.75,39114.73,39199.15,39109.37,238.93,0.21
05/06/2021,39114.73,39433.81,39450.68,39037.63,402.51,-0.87
05/05/2021,39456.64,39801.78,39805.18,39456.64,349.56,-0.87
05/04/2021,39801.78,39834.42,39875.66,39783.59,426.51,-0.1
04/30/2021,39840.28,39450.91,39840.28,39356.83,328.34,0.96
04/29/2021,39460.65,38781.48,39468.34,38738.06,270.68,0.39
04/28/2021,39306.65,39305.48,39338.82,39268.19,259.51,0.0
04/27/2021,39308.23,39318.52,39327.41,39272.01,252.57,-0.03
04/26/2021,39319.75,39301.82,39332.42,39256.36,329.74,0.05
04/23/2021,39301.82,39131.8,39303.64,39125.9,286.97,0.43
04/22/2021,39131.8,39128.34,39151.08,39099.93,228.11,0.01
04/21/2021,39128.34,39015.58,39138.66,38975.68,239.25,0.29
04/20/2021,39015.58,38848.02,39026.75,38841.84,339.01,0.41
04/19/2021,38854.73,38816.45,38857.73,38806.28,508.63,0.12
04/16/2021,38808.01,38571.98,38808.01,38540.66,262.46,0.61
04/15/2021,38571.89,38646.59,38647.14,38570.87,319.43,-0.17
04/14/2021,38636.15,38601.83,38636.15,38578.27,278.04,0.09
04/13/2021,38601.83,38715.37,38751.16,38586.28,208.72,-0.29
04/12/2021,38712.55,38866.39,38874.45,38712.55,194.02,-0.4
04/09/2021,38866.39,38799.83,38895.88,38715.16,160.65,-0.03
04/08/2021,38876.25,38774.03,38889.35,38749.95,145.32,0.26
04/07/2021,38774.03,38766.61,38785.59,38596.16,356.46,0.02
04/06/2021,38766.61,38917.02,38928.89,38740.85,224.59,-0.42
04/01/2021,38930.68,39053.44,39053.44,38881.17,239.42,-0.29
03/31/2021,39045.13,39267.11,39271.46,39014.82,347.17,-0.57
03/30/2021,39267.11,39498.99,39572.26,39247.36,336.13,-0.57
03/29/2021,39493.37,39216.2,39523.05,39205.53,522.14,0.71
03/26/2021,39216.7,39291.89,39292.69,39156.01,250.91,-0.19
03/25/2021,39293.14,39085.78,39293.14,39085.78,228.69,0.53
03/24/2021,39085.78,38707.78,39110.55,38695.24,361.84,0.98
03/23/2021,38704.97,38722.87,38952.06,38696.85,410.38,-0.05
03/22/2021,38722.87,38392.58,38722.87,38379.19,277.24,0.89
03/19/2021,38382.39,38923.84,39053.85,38309.63,290.62,-1.37
03/18/2021,38914.84,38706.13,38930.82,38706.13,1.47,0.54
03/17/2021,38706.13,38720.81,38720.81,38643.06,177.4,-0.04
03/16/2021,38720.81,38541.25,38846.27,38531.86,220.86,0.41
03/15/2021,38561.84,38646.39,38653.42,38528.55,161.08,-0.22
03/12/2021,38648.48,38697.17,38704.44,38486.13,292.88,-0.15
03/11/2021,38707.87,38931.25,38937.07,38666.54,168.88,-0.57
03/10/2021,38931.25,38686.85,38966.38,38677.3,368.21,0.63
03/09/2021,38686.85,39396.57,39396.57,38683.85,471.84,-1.8
03/08/2021,39396.57,39331.61,39412.27,39319.17,297.26,0.17
03/05/2021,39331.61,39364.67,39373.19,39227.15,587.74,-0.08
03/04/2021,39364.67,39525.06,39566.7,39327.13,493.07,-0.4
03/03/2021,39522.06,39697.62,39722.41,39459.18,244.34,-0.44
03/02/2021,39697.62,39931.63,39939.18,39668.22,222.57,-0.59
03/01/2021,39931.63,39799.89,39984.05,39799.89,543.99,0.33
02/26/2021,39799.89,40095.49,40095.49,39792.23,507.12,-0.74
02/25/2021,40095.49,40221.3,40221.41,40088.05,326.04,-0.31
02/24/2021,40221.3,40149.18,40304.02,40149.18,469.56,0.14
02/23/2021,40164.86,40154.09,40229.25,40132.11,337.95,0.03
02/22/2021,40154.09,40186.7,40235.62,40146.46,289.34,-0.08
02/19/2021,40186.7,40212.19,40235.53,40128.24,307.79,-0.06
02/18/2021,40212.19,40465.32,40473.43,40196.5,426.27,-0.63
02/17/2021,40465.32,40494.35,40581.13,40237.64,244.2,-0.07
02/16/2021,40494.35,40571.67,40641.6,40494.35,356.43,-0.19
02/15/2021,40573.31,40439.85,40573.31,40361.3,206.24,0.33
02/12/2021,40439.85,41014.3,41024.81,39918.38,395.42,-1.4
02/11/2021,41014.3,40697.56,41016.74,40326.21,1.27,0.78
02/10/2021,40696.01,41510.16,41510.16,40659.98,366.81,-1.96
02/09/2021,41510.16,41564.31,41573.18,41510.16,305.91,-0.14
02/08/2021,41566.86,41709.09,41737.05,41536.7,340.49,-0.34
02/05/2021,41709.09,41785.8,41785.8,41522.14,482.32,-0.18
02/04/2021,41785.8,42000.01,42033.76,41758.03,629.53,-0.51
02/03/2021,42000.01,42043.79,42043.79,41953.9,504.94,-0.1
02/02/2021,42043.79,42357.9,42374.14,42023.46,563.22,-0.74
02/01/2021,42357.9,42412.66,42472.56,42338.85,586.93,-0.13
01/29/2021,42412.66,42170.25,42444.22,42126.97,669.87,0.58
01/28/2021,42169.41,41928.57,42192.82,41924.82,555.52,0.57
01/27/2021,41930.73,41584.94,41936.48,41584.94,543.74,0.83
01/26/2021,41584.94,41088.96,41589.56,41087.4,468.03,1.21
01/25/2021,41088.96,41001.99,41092.23,40973.85,332.68,0.21
01/22/2021,41001.99,41100.62,41100.62,40997.06,591.46,-0.24
01/21/2021,41099.15,41147.72,41157.7,40997.39,1.12,-0.12
01/20/2021,41147.72,41051.63,41147.72,41050.2,649.65,0.23
01/19/2021,41051.63,41080.94,41109.33,41034.75,912.86,-0.07
01/18/2021,41082.38,41176.14,41234.99,40830.65,1.01,-0.23
01/15/2021,41176.14,40963.14,41202.65,40963.14,666.73,0.52
01/14/2021,40963.14,40345.72,40963.14,40345.72,809.36,1.54
01/13/2021,40341.05,40295.95,40553.56,40295.95,468.33,0.11
01/12/2021,40295.95,40150.78,40295.95,39724.26,1.17,0.36
01/11/2021,40150.78,40120.22,40150.78,40095.09,335.64,0.07
01/08/2021,40123.71,40590.85,40657.3,40004.27,333.31,-1.15
01/07/2021,40590.85,40465.15,40620.02,40310.36,229.88,0.34
01/06/2021,40452.07,40396.14,40465.15,40388.3,249.53,0.14
01/05/2021,40396.14,41148.02,41149.86,40142.94,465.68,-1.83
01/04/2021,41147.39,40287.71,41154.33,40284.0,211.88,2.18
12/31/2020,40270.72,39515.31,40279.29,39507.24,710.56,1.92
12/30/2020,39512.31,39110.17,39601.97,39107.5,372.93,1.03
12/29/2020,39110.17,38800.01,39134.37,38775.26,722.57,0.8
12/24/2020,38800.01,38803.74,38873.1,38798.18,389.66,-0.01
12/23/2020,38803.74,37893.61,38809.25,37893.19,467.13,2.4
12/22/2020,37893.61,37443.4,37952.36,37443.4,442.22,1.2
12/21/2020,37443.4,36798.74,37494.76,36798.74,427.06,1.74
12/18/2020,36804.75,36239.62,36808.29,36239.62,426.33,1.56
12/17/2020,36239.62,35493.15,36239.62,35493.15,343.64,2.1
12/16/2020,35493.15,35225.22,35554.11,35225.22,648.99,0.76
12/15/2020,35225.22,34843.44,35227.32,34834.78,264.23,1.1
12/14/2020,34843.44,34250.74,34877.29,34206.48,208.07,1.73
12/11/2020,34250.74,34576.49,34666.79,34145.13,796.07,-0.94
12/10/2020,34577.26,35021.26,35021.26,34501.85,553.95,-1.27
12/09/2020,35021.26,35033.74,35039.8,35001.14,283.09,-0.04
12/08/2020,35033.74,35064.36,35081.67,35020.79,307.72,-0.09
12/07/2020,35064.36,35137.99,35140.81,35064.36,324.31,-0.21
12/04/2020,35137.99,34968.94,35140.8,34455.93,292.86,0.48
12/03/2020,34968.94,35056.82,35195.09,34952.99,289.39,-0.25
12/02/2020,35056.82,35147.62,35172.68,35031.65,368.96,-0.26
12/01/2020,35147.62,35048.15,35204.16,35048.15,308.08,0.3
11/30/2020,35042.14,34885.51,35184.93,34765.94,415.53,0.45
11/27/2020,34885.51,34803.0,34885.51,34748.26,190.27,0.24
11/26/2020,34803.0,34769.0,34882.52,34768.73,257.54,0.1
11/25/2020,34769.0,34340.56,34820.77,34340.56,434.92,1.25
11/24/2020,34340.56,34119.74,34343.56,34095.69,365.41,0.64
11/23/2020,34121.78,34136.82,34250.45,33582.38,567.57,-0.04
11/20/2020,34136.82,34643.65,34665.08,34064.25,344.8,-1.46
11/19/2020,34643.65,34818.01,34869.53,34633.36,364.92,-0.5
11/18/2020,34818.01,34242.83,34832.04,34226.75,661.13,1.68
11/17/2020,34242.83,34769.66,34769.66,34126.23,840.88,-1.59
11/16/2020,34795.82,35041.4,35245.62,34685.94,668.53,-0.69
11/13/2020,35037.46,35344.01,35814.18,34552.6,1.24,-0.86
11/12/2020,35342.46,33291.27,35342.46,33291.27,1.19,6.23
11/11/2020,33268.36,32648.02,33268.36,32585.04,858.16,1.9
11/10/2020,32647.1,32243.05,32647.1,32226.71,578.78,1.25
11/09/2020,32243.05,31016.17,32243.05,31016.17,636.01,3.96
11/06/2020,31016.17,30738.92,31016.17,30509.12,497.95,0.9
11/05/2020,30738.92,30741.88,30772.77,30722.48,430.12,-0.01
11/04/2020,30741.88,30733.47,30761.5,30724.21,286.45,0.03
11/03/2020,30733.47,30479.39,30735.46,30408.13,336.04,0.83
11/02/2020,30479.39,30527.69,30554.27,30364.15,376.11,-0.17
10/30/2020,30530.69,29439.35,30530.69,29439.35,807.8,3.71
10/28/2020,29437.6,28980.29,29444.12,28971.44,375.25,1.58
10/27/2020,28980.29,28777.96,28980.29,28775.59,385.57,0.7
10/26/2020,28777.96,28697.06,28777.96,28685.54,340.8,0.28
10/23/2020,28697.06,28563.87,28706.33,28559.72,282.56,0.47
10/22/2020,28563.87,28449.49,28567.14,28413.11,311.32,0.4
10/21/2020,28449.49,28645.21,28645.21,28250.71,326.56,-0.75
10/20/2020,28665.82,28658.31,28720.49,28567.07,297.29,0.02
10/19/2020,28659.07,28650.44,28680.68,28588.24,287.3,0.0
10/16/2020,28659.45,28344.04,28680.87,28313.57,489.09,1.11
10/15/2020,28344.04,28354.14,28364.47,28333.06,330.66,0.0
10/14/2020,28344.33,28344.04,28381.27,28332.51,218.42,0.0
10/13/2020,28344.04,28337.49,28351.51,28299.61,535.83,0.02
10/12/2020,28337.49,28415.31,28440.82,28170.72,369.06,-0.27
10/09/2020,28415.31,28546.22,28721.73,28371.7,384.04,-0.46
10/08/2020,28546.22,28634.35,28664.83,28398.74,568.74,-0.31
10/07/2020,28634.35,28945.41,29171.29,28484.87,832.88,-0.95
10/06/2020,28909.37,27561.51,28909.37,27561.51,749.47,4.92
10/05/2020,27554.56,26985.77,27563.91,26985.77,603.89,2.11
10/02/2020,26985.77,26831.76,26985.77,26830.59,459.79,0.55
09/30/2020,26837.42,26612.12,26862.21,26612.12,322.76,0.85
09/29/2020,26611.96,26507.84,26611.96,26427.58,413.1,0.39
09/28/2020,26507.84,26319.34,26512.05,26319.34,336.73,0.72
09/25/2020,26319.47,25987.14,26327.17,25987.14,335.74,1.28
09/24/2020,25987.14,25783.02,26021.75,25783.02,359.27,0.79
09/23/2020,25783.02,25654.9,25785.41,25631.12,414.16,0.5
09/22/2020,25654.9,25574.35,25655.18,25525.93,262.05,0.31
09/21/2020,25574.35,25572.57,25592.86,25564.36,196.11,0.01
09/18/2020,25572.57,25532.74,25572.57,25505.27,193.49,0.15
09/17/2020,25533.35,25550.31,25551.56,25507.84,231.19,-0.1
09/16/2020,25558.81,25598.53,25606.02,25535.41,211.45,-0.15
09/15/2020,25597.96,25605.59,25618.65,25573.96,245.14,-0.03
09/14/2020,25605.59,25591.95,25616.99,25577.33,256.97,0.05
09/11/2020,25591.95,25520.97,25592.22,25514.22,212.57,0.28
09/10/2020,25520.97,25424.91,25540.91,25403.33,234.15,0.38
09/09/2020,25424.91,25493.88,25496.73,25414.42,269.62,-0.28
09/08/2020,25497.32,25585.67,25596.21,25490.01,251.96,-0.33
09/07/2020,25582.23,25605.64,25631.16,25573.24,253.96,-0.09
09/04/2020,25605.64,25534.87,25618.48,25529.56,418.16,0.37
09/03/2020,25511.02,25460.0,25511.02,25460.0,229.41,0.2
09/02/2020,25460.0,25404.12,25461.66,25388.82,178.29,0.18
08/31/2020,25327.13,25303.68,25334.11,25289.1,127.28,0.07
08/28/2020,25309.37,25304.25,25312.81,25289.35,137.05,0.05
08/27/2020,25297.55,25330.1,25330.1,25291.33,249.13,-0.13
08/26/2020,25330.1,25295.01,25332.51,25283.31,180.55,0.15
08/25/2020,25291.78,25228.38,25291.78,25201.79,251.34,0.25
08/24/2020,25229.12,25221.87,25232.68,25159.82,251.19,0.03
08/21/2020,25221.87,25203.36,25273.33,25203.36,158.6,0.07
08/20/2020,25204.58,25174.6,25204.58,25172.1,179.55,0.13
08/19/2020,25171.32,25136.49,25180.4,25131.56,180.01,0.14
08/18/2020,25136.49,25139.57,25151.36,25123.28,271.0,-0.03
08/17/2020,25143.68,25199.84,25234.49,25143.68,161.23,-0.22
08/14/2020,25199.84,25236.97,25236.97,25168.43,482.42,-0.15
08/13/2020,25236.97,25141.48,25239.91,25067.72,258.05,0.38
08/12/2020,25141.48,24883.7,25147.52,24852.43,204.42,1.04
08/11/2020,24883.7,25027.61,25067.18,24825.09,205.97,-0.58
08/10/2020,25027.61,25041.89,25046.29,24952.17,175.23,-0.06
08/07/2020,25041.89,24944.45,25047.7,24944.45,166.94,0.45
08/06/2020,24930.34,24882.04,24931.91,24820.5,173.72,0.19
08/05/2020,24882.04,24841.94,24910.02,24841.94,303.28,0.16
08/04/2020,24841.94,24766.12,24868.82,24764.26,154.47,0.31
08/03/2020,24766.12,24710.93,24776.08,24690.75,186.47,0.29
07/29/2020,24693.73,24650.16,24713.57,24646.84,101.53,0.18
07/28/2020,24650.16,24799.05,24800.81,24646.53,150.37,-0.54
07/27/2020,24783.61,24427.73,24788.17,24427.73,170.0,1.46
07/24/2020,24427.73,24512.27,24536.82,24409.99,174.19,-0.34
07/23/2020,24512.27,24173.53,24615.65,24170.97,164.07,1.4
07/22/2020,24173.53,24174.45,24192.52,24166.96,266.06,0.0
07/21/2020,24174.45,24269.58,24303.76,24130.23,304.19,-0.41
07/20/2020,24273.42,24287.66,24301.11,24273.42,305.1,-0.06
07/17/2020,24287.66,24323.5,24336.59,24256.64,160.47,-0.17
07/16/2020,24330.06,24129.84,24330.51,24112.4,207.4,0.82
07/15/2020,24132.3,24114.59,24210.22,24071.13,208.21,0.06
07/14/2020,24117.4,24200.6,24207.0,24095.41,208.2,-0.34
07/13/2020,24200.6,24306.36,24306.36,24162.7,231.23,-0.44
07/10/2020,24306.36,24276.56,24315.39,24251.26,131.63,0.12
07/09/2020,24276.56,24278.07,24336.45,24276.56,192.03,-0.01
07/08/2020,24278.07,24097.48,24278.07,24097.48,232.61,0.75
07/07/2020,24098.08,24026.05,24152.67,24026.05,155.53,-0.05
07/06/2020,24109.65,24336.12,24352.2,23961.14,189.67,-0.93
07/03/2020,24336.12,24374.38,24416.05,24332.36,144.3,-0.16
07/02/2020,24374.4,24594.99,24612.25,24357.75,180.1,-0.9
07/01/2020,24594.99,24479.16,24723.26,24479.16,198.01,0.47
06/30/2020,24479.16,24858.82,24859.88,24448.23,280.67,-1.53
06/29/2020,24858.82,24828.96,24858.82,24740.06,158.45,0.12
06/26/2020,24828.96,24625.17,24829.17,24551.35,127.19,0.83
06/25/2020,24625.17,24654.99,24662.27,24619.84,130.28,-0.12
06/24/2020,24654.99,24750.06,24771.97,24636.63,189.23,-0.39
06/23/2020,24751.32,24753.92,24756.88,24649.39,167.9,-0.11
06/22/2020,24779.26,24826.75,24877.3,24651.3,124.66,-0.19
06/19/2020,24826.75,24933.41,25123.72,24819.12,174.67,-0.43
06/18/2020,24933.41,24972.89,25054.28,24913.26,171.16,-0.16
06/17/2020,24972.94,24930.88,24973.59,24816.45,265.95,0.17
06/16/2020,24930.88,24954.89,25046.42,24930.65,200.37,-0.1
06/15/2020,24956.04,25182.67,25196.62,24757.68,237.63,-0.9
06/11/2020,25182.67,25215.04,25302.85,25182.67,337.13,-0.13
06/10/2020,25215.04,25335.15,25351.29,25130.61,266.65,-0.47
06/09/2020,25335.15,25249.96,25368.78,25249.96,268.74,0.34
06/08/2020,25250.2,25016.3,25412.54,25016.3,230.49,0.93
06/05/2020,25016.3,25312.05,25325.87,24875.56,214.5,-1.17
06/04/2020,25312.05,25407.96,25434.62,25312.05,270.18,-0.38
06/03/2020,25407.96,25383.43,25445.47,25308.5,353.26,0.1
06/02/2020,25383.43,25316.24,25458.53,25316.24,377.86,0.25
06/01/2020,25321.29,25267.82,25396.1,25180.37,253.13,0.21
05/29/2020,25267.82,25166.01,25393.03,25164.06,325.59,0.4
05/28/2020,25166.01,25229.02,25463.11,25131.33,348.21,-0.22
05/27/2020,25221.29,25204.75,25469.93,25054.11,581.59,0.07
05/22/2020,25204.75,24758.39,25205.18,24742.12,259.57,1.8
05/21/2020,24758.39,24452.23,24769.4,24426.56,350.66,1.25
05/20/2020,24452.23,24202.87,24467.28,24185.62,436.77,1.03
05/19/2020,24202.87,23943.29,24205.89,23943.29,339.75,0.8
05/18/2020,24010.19,23874.77,24010.19,23871.33,330.98,0.58
05/15/2020,23871.33,23872.44,23931.49,23840.8,221.44,-0.09
05/14/2020,23892.92,23709.44,23892.92,23709.2,182.74,0.77
05/13/2020,23709.44,23695.9,23759.84,23695.9,159.19,0.06
05/12/2020,23695.9,23950.83,23982.29,23542.33,155.65,-1.06
05/11/2020,23950.83,24045.4,24058.15,23949.18,204.72,-0.39
05/08/2020,24045.4,24361.14,24403.77,24030.65,208.56,-1.27
05/07/2020,24354.25,24143.37,24369.45,24039.7,431.57,0.87
05/06/2020,24143.37,23815.34,24154.65,23807.14,426.63,1.4
05/05/2020,23809.31,23089.86,23809.39,23075.49,343.95,3.12
05/04/2020,23089.86,23021.01,23121.74,22940.24,249.83,0.3
04/30/2020,23021.01,22868.4,23045.44,22636.59,359.46,0.67
04/29/2020,22868.4,22727.87,22884.49,22727.87,277.29,0.62
04/28/2020,22727.87,22616.28,22761.25,22616.28,266.62,0.49
04/27/2020,22616.28,22599.38,22649.2,22584.64,106.06,0.07
04/24/2020,22599.38,22470.79,22672.22,22458.37,211.53,0.57
04/23/2020,22470.79,22780.3,22805.14,22407.6,201.48,-1.36
04/22/2020,22780.3,22629.92,22799.78,22629.92,185.21,0.66
04/21/2020,22629.92,22920.41,22920.41,22612.97,248.16,-1.27
04/20/2020,22920.56,22921.59,23143.34,22920.13,343.24,0.0
04/17/2020,22921.59,22554.84,22927.88,22524.23,231.6,1.63
04/16/2020,22554.84,22539.94,22634.28,22380.94,379.11,0.07
04/15/2020,22539.94,21879.95,22543.48,21873.47,326.39,3.02
04/14/2020,21879.95,21384.03,21883.39,21239.02,264.74,2.32
04/09/2020,21384.03,21073.26,21385.85,20985.63,314.85,1.47
04/08/2020,21073.26,20925.19,21150.01,20925.19,346.41,0.71
04/07/2020,20925.19,20683.16,20925.19,20667.55,342.57,1.24
04/06/2020,20669.38,21094.62,21208.95,20651.59,336.42,-2.02
04/03/2020,21094.62,21166.38,21197.32,20769.37,235.29,-0.13
04/02/2020,21121.2,21100.54,21170.0,20790.71,255.53,0.1
04/01/2020,21100.54,21309.5,21317.98,20779.13,154.35,-0.94
03/31/2020,21300.47,21330.79,21340.64,21270.26,422.0,-0.14
03/30/2020,21330.79,21828.65,21828.65,21330.79,466.87,-2.43
03/27/2020,21861.78,21842.18,21885.05,21803.89,251.41,0.48
03/26/2020,21757.47,21729.48,21903.0,21696.88,172.16,0.13
03/25/2020,21729.48,21743.47,21814.74,21663.32,233.07,-0.05
03/24/2020,21741.16,21703.8,21770.42,21703.8,330.1,0.19
03/23/2020,21700.98,22198.43,22208.81,21694.16,464.36,-2.24
03/20/2020,22198.43,22072.56,22211.67,22035.11,379.48,0.36
03/19/2020,22118.9,22785.19,22785.19,22118.9,525.85,-2.94
03/18/2020,22789.64,22549.09,22804.7,22118.37,671.52,1.09
03/17/2020,22543.07,22705.19,23008.59,22497.73,675.82,-0.71
03/16/2020,22705.19,22745.39,22797.39,22618.36,551.48,-0.13
03/13/2020,22734.07,22729.01,22813.47,22550.08,732.62,0.17
03/12/2020,22695.88,23500.46,23500.46,22694.32,1.06,-3.72
03/11/2020,23572.75,24278.53,24321.51,23260.07,1.39,-3.35
03/10/2020,24388.66,25412.57,25412.57,24381.88,594.47,-4.91
03/09/2020,25647.54,26141.24,26141.24,25648.45,185.49,-2.41
03/06/2020,26279.61,26426.2,26455.26,26273.58,361.08,-0.55
03/05/2020,26426.2,26418.82,26626.07,26408.25,431.9,0.04
03/04/2020,26415.54,26283.35,26438.78,26256.24,307.66,0.61
03/03/2020,26255.11,25816.57,26344.55,25816.57,387.42,1.7
03/02/2020,25816.57,26143.02,26170.58,25816.57,325.26,-1.53
02/28/2020,26216.46,26808.24,26808.24,26216.46,416.28,-2.21
02/27/2020,26808.24,26974.38,26977.4,26796.43,231.52,-0.62
02/26/2020,26974.38,27033.1,27033.9,26870.39,228.36,-0.22
02/25/2020,27033.1,27041.03,27105.46,27031.71,241.71,-0.03
02/24/2020,27041.03,27388.62,27515.79,27000.85,428.96,-1.27
02/21/2020,27388.62,27568.91,27614.65,27236.53,421.22,-0.65
02/20/2020,27568.91,27523.26,27622.42,27292.61,484.99,0.17
02/19/2020,27523.08,27547.56,27556.13,27512.72,290.13,-0.09
02/18/2020,27547.56,27570.94,27570.94,27527.51,168.07,-0.08
02/17/2020,27570.94,27756.56,27818.09,27507.99,134.61,-0.67
02/14/2020,27755.87,27864.84,27879.31,27675.52,132.51,-0.39
02/13/2020,27864.84,27881.45,27916.64,27686.34,150.72,-0.05
02/12/2020,27878.43,27871.9,27919.1,27866.46,152.34,0.02
02/11/2020,27871.9,27769.07,27936.16,27637.33,276.27,0.36
02/10/2020,27773.2,28067.09,28119.19,27772.16,200.16,-1.05
02/07/2020,28067.09,28140.41,28195.75,28054.73,303.93,-0.26
02/06/2020,28140.41,28093.76,28385.36,27949.15,317.19,0.17
02/05/2020,28093.76,28432.27,28506.63,28032.23,350.21,-1.19
02/04/2020,28432.27,28533.4,28540.3,28415.12,254.85,-0.35
02/03/2020,28533.4,28843.53,28843.53,28389.6,246.51,-1.08
01/31/2020,28843.53,29035.55,29096.29,28817.45,348.56,-0.65
01/30/2020,29030.93,29110.9,29222.83,28898.74,274.43,-0.27
01/29/2020,29110.9,29378.63,29381.95,29054.23,242.76,-0.91
01/28/2020,29378.63,29525.56,29529.6,29347.09,250.93,-0.59
01/27/2020,29552.99,29628.84,29648.35,29552.99,444.01,-0.26
01/22/2020,29458.21,29461.2,29488.93,29244.41,315.67,-0.02
01/21/2020,29462.76,29713.61,29723.75,29360.13,272.84,-0.83
01/20/2020,29710.56,29618.52,29713.84,29545.93,266.95,0.31
01/17/2020,29618.52,29352.13,29623.55,29331.35,324.97,0.91
01/16/2020,29352.13,29062.5,29497.97,29062.5,387.16,1.0
01/15/2020,29062.5,29030.41,29094.14,28855.22,360.08,-0.75
01/14/2020,29283.15,29633.58,29812.97,29037.12,666.78,-1.18
01/13/2020,29633.58,29415.39,29909.06,29415.39,348.24,0.74
01/10/2020,29415.39,29393.88,29585.13,28858.83,280.86,0.07
01/09/2020,29395.57,28562.48,29484.1,28539.16,693.19,2.92
01/08/2020,28562.48,27579.57,28562.48,27579.57,741.82,3.54
01/07/2020,27586.93,27339.68,27699.59,27295.49,446.33,0.9
01/06/2020,27339.68,26968.79,27339.68,26968.68,520.39,1.38
01/03/2020,26968.79,26867.79,26978.46,26867.79,608.86,0.38
01/02/2020,26867.79,26845.79,26867.79,26657.32,263.2,0.1
12/31/2019,26842.07,26609.34,27357.84,26608.56,257.01,0.87
12/30/2019,26609.34,26416.48,26609.34,26240.29,382.81,0.73
12/27/2019,26416.48,26090.88,26419.73,26050.44,222.48,1.24
12/24/2019,26092.82,26115.8,26124.73,26018.13,324.38,-0.09
12/23/2019,26115.8,26526.35,26526.35,26102.21,188.79,-1.55
12/20/2019,26526.35,26584.45,26584.45,26408.32,341.61,-0.22
12/19/2019,26584.45,26665.73,26684.74,26536.01,304.21,-0.3
12/18/2019,26665.73,26660.44,26691.44,26646.64,232.68,0.02
12/17/2019,26660.44,26695.18,27006.97,26643.1,331.91,-0.13
12/16/2019,26695.18,26536.21,26695.18,26521.38,170.52,0.6
12/13/2019,26536.21,26569.8,26627.68,26503.92,155.34,-0.13
12/12/2019,26569.8,26434.0,26579.09,26434.0,319.69,0.51
12/11/2019,26434.0,26384.21,26445.8,26332.35,180.06,0.19
12/10/2019,26384.21,26705.7,26716.38,26383.36,196.29,-1.11
12/09/2019,26681.31,26855.52,26855.52,26582.25,192.67,-0.65
12/06/2019,26855.52,26913.7,26926.72,26746.03,197.03,-0.22
12/05/2019,26913.7,26941.56,26948.42,26889.48,206.73,-0.09
12/04/2019,26938.58,26944.32,26956.43,26918.12,112.88,-0.02
12/03/2019,26944.32,27000.35,27030.98,26833.39,189.01,-0.17
12/02/2019,26990.59,26999.69,27025.2,26931.13,246.49,-0.04
11/29/2019,27002.15,26824.5,27028.05,26823.81,227.16,0.66
11/28/2019,26824.5,26790.1,26863.97,26790.1,303.77,0.13
11/27/2019,26790.1,26883.33,26893.32,26782.84,189.86,-0.35
11/26/2019,26883.33,27035.78,27096.53,26883.33,209.97,-0.56
11/25/2019,27035.78,26991.42,27109.29,26980.27,230.65,0.16
11/22/2019,26991.42,26872.09,27039.8,26849.26,207.26,0.44
11/21/2019,26872.09,26776.15,26872.09,26721.99,239.22,0.36
11/20/2019,26776.15,26750.49,27035.28,26750.49,267.31,0.14
11/19/2019,26739.44,26691.09,26861.14,26659.9,394.35,0.18
11/18/2019,26691.09,26851.68,26851.68,26666.4,307.88,-0.6
11/15/2019,26851.68,26883.67,26984.06,26724.43,469.99,0.03
11/14/2019,26843.11,26339.11,26843.11,26339.11,624.84,1.84
11/13/2019,26357.61,26456.39,26456.39,26338.25,610.56,-0.37
11/12/2019,26456.39,26314.49,26512.6,26314.49,378.35,0.54
11/08/2019,26314.49,26188.24,26333.84,26143.12,432.47,0.48
11/07/2019,26188.24,26223.66,26242.53,26172.35,726.19,-0.14
11/06/2019,26223.66,26364.81,26367.19,26223.66,232.09,-0.58
11/05/2019,26375.35,26401.06,26447.96,26299.86,304.28,-0.1
11/04/2019,26401.06,26293.3,26433.95,26293.3,368.18,0.41
11/01/2019,26293.3,26355.35,26378.0,26217.91,252.37,-0.24
10/31/2019,26355.35,26310.77,26363.1,26227.6,347.8,0.17
10/30/2019,26310.77,26236.04,26385.37,26199.51,156.85,0.25
10/29/2019,26244.39,26384.45,26388.4,26244.39,267.9,-0.53
10/28/2019,26384.45,26348.73,26394.37,26348.73,485.89,0.14
10/25/2019,26348.73,26357.24,26360.2,26113.88,250.54,-0.03
10/24/2019,26357.24,26397.94,26410.84,26350.07,177.04,-0.15
10/23/2019,26397.94,26365.83,26410.91,26294.57,168.43,0.12
10/22/2019,26365.83,26390.08,26409.34,26353.55,519.76,-0.09
10/21/2019,26390.08,26448.62,26449.53,26382.21,135.8,-0.22
10/18/2019,26448.62,26456.29,26464.61,26374.84,310.56,-0.03
10/17/2019,26456.29,26472.2,26472.2,26429.94,144.08,-0.06
10/16/2019,26472.2,26513.65,26574.38,26470.68,138.47,-0.16
10/15/2019,26513.65,26557.44,26567.67,26510.14,174.41,-0.16
10/14/2019,26557.44,26533.78,26607.06,26506.56,129.08,0.09
10/11/2019,26533.78,26583.75,26702.39,26533.14,117.38,-0.19
10/10/2019,26583.75,26598.94,26599.87,26578.03,363.25,-0.06
10/09/2019,26598.94,26817.3,26817.3,26489.42,243.01,-0.79
10/08/2019,26809.92,26866.41,26896.09,26809.3,185.94,-0.21
10/07/2019,26866.41,26987.45,27004.48,26835.58,151.71,-0.45
10/04/2019,26987.45,27085.69,27089.38,26974.83,138.88,-0.36
10/03/2019,27085.69,27314.87,27480.3,26575.54,151.19,-0.84
10/02/2019,27314.87,27630.56,27645.4,27261.25,175.55,-1.14
09/30/2019,27630.56,27675.04,27693.29,27113.91,194.8,-0.16
09/27/2019,27675.04,27579.85,27675.04,27368.84,187.08,0.35
09/26/2019,27579.85,27283.05,27579.85,27281.38,183.46,1.09
09/25/2019,27283.05,27360.45,27371.59,27267.16,462.31,-0.25
09/24/2019,27352.24,27635.68,27635.68,27352.24,154.03,-1.08
09/23/2019,27650.28,27698.69,27704.62,27650.82,109.56,-0.17
09/20/2019,27698.69,27667.31,27715.27,27576.27,177.41,0.19
09/19/2019,27646.15,27681.61,27698.44,27577.69,245.43,-0.13
09/18/2019,27681.61,27407.04,27700.07,27386.36,378.8,1.0
09/17/2019,27407.04,27574.32,27646.96,27371.89,196.91,-0.61
09/16/2019,27574.32,27779.0,27984.08,27538.33,268.35,-0.74
09/13/2019,27779.0,27426.64,27779.73,27426.64,165.24,1.28
09/12/2019,27426.64,27153.53,27439.54,27142.88,115.3,1.01
09/11/2019,27153.53,27047.58,27157.66,27009.52,211.52,0.39
09/10/2019,27047.58,27089.84,27148.69,26977.36,364.22,-0.16
09/09/2019,27089.84,27146.57,27231.76,27086.61,290.49,-0.21
09/06/2019,27146.57,27252.09,27582.15,26895.56,311.26,-0.39
09/05/2019,27252.09,27319.64,27319.64,27273.14,133.34,-0.25
09/04/2019,27319.64,27590.44,27606.85,27283.67,250.45,-0.97
09/03/2019,27586.79,27565.09,27606.28,27481.18,294.4,0.08
09/02/2019,27565.14,27540.42,27677.37,27463.76,111.5,0.14
08/30/2019,27525.81,27425.57,27602.39,27326.4,124.74,0.37
08/29/2019,27425.57,27607.02,27643.5,27423.36,116.07,-0.66
08/28/2019,27607.02,27602.77,27626.37,27546.34,130.37,0.02
08/27/2019,27602.77,27691.85,27691.85,27475.64,183.65,-0.32
08/26/2019,27691.85,27800.17,27851.37,27601.78,158.27,-0.39
08/23/2019,27800.17,27629.66,27849.25,27624.27,339.62,0.62
08/22/2019,27629.66,27352.94,27650.89,27352.94,272.6,1.01
08/21/2019,27352.94,27058.03,27352.94,27043.28,363.97,1.09
08/20/2019,27058.62,27128.77,27217.88,26938.05,209.62,-0.22
08/19/2019,27117.22,26928.8,27172.42,26928.35,250.74,0.71
08/16/2019,26925.29,27058.88,27203.58,26789.38,258.29,-0.47
08/15/2019,27052.93,27083.11,27120.09,26895.43,233.09,-0.11
08/14/2019,27083.11,27303.13,27307.6,27083.11,235.12,-0.82
08/09/2019,27306.81,27424.92,27434.59,27306.81,220.8,-0.43
08/08/2019,27424.92,27412.13,27450.92,27308.64,279.63,0.05
08/07/2019,27412.13,27527.4,27534.56,27404.26,128.92,-0.42
08/06/2019,27527.4,27669.38,27706.47,27521.0,170.72,-0.51
08/05/2019,27669.38,27630.46,27674.85,27584.11,280.69,0.14
08/02/2019,27630.46,27748.46,27792.77,27623.58,161.65,-0.43
08/01/2019,27748.46,27718.26,27748.46,27615.46,97.36,0.11
07/31/2019,27718.26,27816.89,27902.51,27679.02,251.92,-0.37
07/30/2019,27820.57,27950.36,28028.27,27814.13,155.18,-0.46
07/29/2019,27950.36,27918.59,27976.14,27912.7,92.79,0.11
07/26/2019,27918.59,27990.61,28031.67,27900.57,130.85,-0.26
07/25/2019,27990.61,28088.74,28103.69,27985.62,359.11,-0.35
07/24/2019,28088.74,28144.87,28292.44,28070.65,157.77,-0.2
07/23/2019,28144.87,27808.69,28144.87,27791.98,135.18,1.21
07/22/2019,27808.69,27919.5,28070.43,27808.69,285.76,-0.4
07/19/2019,27919.5,27864.49,27948.24,27803.57,273.9,0.2
07/18/2019,27864.49,28046.02,28067.62,27864.49,175.36,-0.64
07/17/2019,28042.8,28197.66,28251.78,28042.68,243.7,-0.56
07/16/2019,28200.88,28340.98,28566.41,28138.5,216.68,-0.49
07/15/2019,28341.03,28566.79,28577.41,28337.52,175.17,-0.79
07/12/2019,28566.79,28712.9,28759.29,28563.31,100.37,-0.51
07/11/2019,28712.9,29256.6,29281.36,28637.58,188.43,-1.86
07/10/2019,29256.6,29318.02,29318.02,29010.33,188.74,-0.21
07/09/2019,29318.85,29287.87,29318.85,28943.48,294.4,0.11
07/08/2019,29287.87,29270.95,29312.93,29216.7,216.29,0.06
07/05/2019,29270.95,29300.09,29318.09,29235.28,298.4,-0.1
07/04/2019,29300.09,29375.25,29466.94,29300.09,180.4,-0.26
07/03/2019,29375.25,29395.14,29458.03,29300.7,237.71,-0.07
07/02/2019,29395.14,29614.61,29616.93,29395.14,200.68,-0.74
07/01/2019,29614.61,29966.87,29966.88,29593.82,107.43,-1.18
06/28/2019,29966.87,29749.35,29978.81,29650.45,248.36,0.73
06/27/2019,29749.35,29609.0,29756.79,29224.23,301.06,0.47
06/26/2019,29609.0,29668.68,29697.43,29588.54,394.02,-0.2
06/25/2019,29668.68,29809.2,29814.38,29655.53,253.37,-0.47
06/24/2019,29809.2,29851.29,29890.01,29694.91,573.53,-0.14
06/21/2019,29851.29,29803.69,29890.61,29747.39,189.94,0.29
06/20/2019,29765.31,29774.81,29897.18,29695.62,275.47,-0.02
06/19/2019,29772.72,29818.8,29891.86,29772.72,263.43,-0.15
06/18/2019,29818.8,29936.33,29936.33,29797.11,2.06,-0.39
06/17/2019,29936.33,30046.7,30087.86,29933.25,2.06,-0.37
06/14/2019,30046.7,30029.23,30086.61,29994.53,145.28,0.06
06/13/2019,30029.15,30099.83,30150.05,30022.92,242.56,-0.23
06/11/2019,30099.83,30322.19,30322.19,30055.56,233.43,-0.73
06/10/2019,30322.19,30432.13,30459.43,30306.76,247.28,-0.36
06/07/2019,30432.13,30529.9,30982.78,30380.98,280.0,-0.31
06/06/2019,30527.07,30928.29,30948.16,30136.14,217.19,-1.3
10/12/2018,32456.98,32417.82,32456.98,32335.75,162.36,0.12
10/11/2018,32417.82,32382.58,32443.08,32330.67,147.52,0.11
10/10/2018,32382.58,32417.7,32466.73,32382.58,134.45,-0.11
10/09/2018,32417.7,32444.96,32477.47,32336.24,349.53,-0.08
10/08/2018,32444.96,32383.15,32476.28,32383.15,120.72,0.19
10/05/2018,32383.15,32423.57,32424.98,32332.3,166.65,-0.12
10/04/2018,32423.57,32454.03,32526.7,32395.25,151.14,-0.09
10/03/2018,32454.03,32711.65,32728.72,32434.67,136.7,-0.79
10/02/2018,32711.65,32762.34,32815.19,32695.45,184.59,-0.17
09/28/2018,32766.37,32763.35,32817.46,32661.14,184.53,0.01
09/27/2018,32763.35,32963.27,32983.99,32684.66,154.28,-0.61
09/26/2018,32963.27,33114.44,33202.3,32952.7,172.19,-0.46
09/25/2018,33114.44,32646.43,33230.46,32646.43,222.95,2.04
09/24/2018,32451.27,32540.17,32577.92,32427.54,190.46,-0.27
09/21/2018,32540.17,32480.89,32784.33,32475.85,330.38,0.18
09/20/2018,32480.89,32375.12,32480.89,32330.18,225.93,0.33
09/19/2018,32375.12,32350.9,32392.93,32269.75,190.02,-0.02
09/18/2018,32381.0,32201.98,32381.0,32180.72,269.81,0.56
09/17/2018,32201.98,32327.59,32378.72,32201.98,160.67,-0.39
09/14/2018,32327.59,32022.04,32446.48,32022.04,251.69,0.95
09/13/2018,32022.23,32292.79,32321.64,31938.59,173.47,-0.84
09/12/2018,32292.79,33449.17,33449.64,32269.65,246.88,-3.46
09/11/2018,33449.17,33607.01,33609.86,33114.12,150.67,-0.48
09/10/2018,33611.69,34014.49,34014.49,33594.44,137.63,-1.25
09/07/2018,34037.91,34110.22,34177.85,33667.34,155.95,-0.21
09/06/2018,34110.22,34414.37,34438.13,34087.26,164.49,-0.88
09/05/2018,34414.37,34933.68,34963.29,34146.21,200.27,-1.71
09/04/2018,35013.05,34837.94,34966.72,34837.94,240.46,0.5
09/03/2018,34837.5,34848.55,34860.32,33849.14,131.53,-0.03
08/31/2018,34848.45,35086.67,35086.67,34113.89,384.89,-0.68
08/30/2018,35086.67,35354.26,35400.04,34942.23,284.59,-0.77
08/29/2018,35358.94,35516.21,35560.31,35358.94,345.05,-0.44
08/28/2018,35516.21,35311.36,35516.21,35309.85,339.68,0.58
08/27/2018,35311.36,35426.17,35499.66,34643.3,178.81,-0.32
08/24/2018,35426.17,35206.16,35679.05,35199.87,527.74,0.62
08/23/2018,35206.16,34663.48,35206.16,34481.47,220.71,-0.38
08/20/2018,35341.9,35266.29,35425.17,34900.34,220.5,0.21
08/17/2018,35266.29,34618.43,35469.05,34579.35,244.32,1.87
08/16/2018,34618.43,35069.34,35069.34,34603.07,237.81,-1.29
08/15/2018,35069.34,35288.23,35300.21,35061.28,209.52,-0.62
08/14/2018,35288.23,35410.61,35434.6,35156.29,164.51,-0.35
08/13/2018,35410.61,35446.47,35474.15,35351.76,160.42,-0.1
08/10/2018,35446.47,36232.66,36232.66,35435.28,192.99,-2.17
08/09/2018,36232.66,36299.82,36366.26,36153.15,188.26,-0.19
08/08/2018,36299.82,36333.8,36336.04,36295.55,113.93,-0.09
08/07/2018,36333.8,36479.42,36491.19,36321.5,248.01,-0.4
08/06/2018,36479.42,36499.67,36620.48,36399.42,182.28,-0.06
08/03/2018,36499.67,36688.91,36750.29,36478.1,266.2,-0.52
08/02/2018,36688.91,36612.83,36708.03,36510.88,225.81,0.21
08/01/2018,36612.83,37017.78,37023.18,36573.19,240.02,-1.09
07/31/2018,37017.78,36937.73,37017.78,36713.99,244.95,0.19
07/30/2018,36946.18,36636.97,36946.18,36636.97,319.4,0.84
07/27/2018,36636.97,36427.22,36643.4,36427.22,311.35,0.58
07/26/2018,36427.22,36346.8,36678.29,36316.3,171.0,0.22
07/25/2018,36346.8,36455.24,36474.12,36339.41,329.84,-0.3
07/24/2018,36455.24,36711.96,36711.96,36446.4,378.69,-0.7
07/23/2018,36711.96,36603.44,36713.06,36603.44,225.91,0.3
07/20/2018,36603.44,36474.39,36652.19,36360.83,679.82,0.37
07/19/2018,36470.05,36748.18,36906.22,36420.72,296.35,-0.76
07/18/2018,36748.18,36963.7,36963.7,36608.11,181.15,-0.58
07/17/2018,36963.7,37266.86,37281.34,36949.3,203.56,-0.81
07/16/2018,37266.86,37392.77,37392.77,37215.81,303.48,-0.34
07/13/2018,37392.77,37226.44,37396.67,37182.19,212.15,0.45
07/12/2018,37226.44,37253.25,37253.25,37075.09,262.97,-0.07
07/11/2018,37253.25,37421.01,37431.58,37233.82,285.11,-0.45
07/10/2018,37421.01,37647.93,37647.93,37422.84,211.63,-0.6
07/09/2018,37647.93,37625.59,37715.3,37615.49,151.2,0.06
07/06/2018,37625.59,37743.22,37826.28,37612.36,170.87,-0.31
07/05/2018,37743.22,37499.07,37743.22,37451.08,497.11,0.65
07/04/2018,37499.07,37605.12,37611.68,37445.76,381.8,-0.28
07/03/2018,37605.12,37946.92,37946.92,37601.79,254.77,-0.9
07/02/2018,37946.92,38278.55,38322.94,37946.92,244.46,-0.87
06/29/2018,38278.55,37733.44,38291.55,37733.44,469.34,1.44
06/28/2018,37733.44,37963.93,37977.25,37708.5,414.93,-0.61
06/27/2018,37963.93,37988.54,38030.63,37908.64,372.24,-0.06
06/26/2018,37988.54,37992.12,38040.1,37929.64,258.71,-0.01
06/25/2018,37992.12,37862.53,38003.18,37690.01,207.41,0.34
06/22/2018,37862.53,38152.6,38197.65,37852.38,167.22,-0.76
06/21/2018,38152.6,38605.07,38606.97,38093.16,271.4,-1.17
06/20/2018,38605.07,38664.15,38670.95,38533.66,267.76,-0.15
06/19/2018,38664.15,38928.02,38928.02,38616.91,390.47,-0.68
06/14/2018,38928.02,39031.72,39068.49,38407.08,335.71,-0.27
06/13/2018,39031.72,39167.04,39261.6,39031.72,456.49,-0.35
06/12/2018,39167.04,38844.32,39425.61,38843.04,341.48,0.83
06/11/2018,38845.31,38669.23,38856.06,38649.41,603.17,0.46
06/08/2018,38669.23,39042.11,39088.69,38636.0,210.03,-0.96
06/07/2018,39042.11,38435.29,39042.39,38435.29,492.04,1.58
06/06/2018,38435.29,37854.92,38463.54,37854.92,393.12,1.53
06/05/2018,37854.92,36947.1,37854.92,36947.1,339.65,2.46
06/04/2018,36947.1,36816.29,36950.98,36676.15,314.33,0.36
06/01/2018,36816.29,38104.54,38148.45,36677.07,516.81,-3.38
05/31/2018,38104.54,38606.41,38791.52,37998.17,476.2,-4.01
05/30/2018,39695.16,39028.51,39177.53,38603.32,342.05,1.71
05/28/2018,39028.51,39323.62,39323.62,38910.82,222.29,-0.75
05/25/2018,39323.62,39723.85,39908.11,39213.98,295.99,-1.01
05/24/2018,39723.85,40150.55,40150.55,39723.85,256.43,-1.06
05/23/2018,40150.55,40249.29,40254.91,40116.27,266.7,-0.25
05/22/2018,40249.29,40425.07,40461.69,40245.32,280.06,-0.43
05/21/2018,40425.07,40472.45,40476.61,40383.19,271.27,-0.12
05/18/2018,40472.45,40651.41,40675.7,40444.17,350.55,-0.44
05/17/2018,40651.41,40992.97,41003.76,40675.89,424.37,-0.83
05/16/2018,40992.97,40615.42,41027.28,40531.9,259.48,0.93
05/15/2018,40615.42,40677.61,40723.49,40565.66,203.36,-0.15
05/14/2018,40677.61,41022.31,41029.79,40667.46,218.76,-0.84
05/11/2018,41022.31,40914.94,41189.28,40913.85,214.58,0.26
05/10/2018,40914.94,41080.12,41086.2,40872.96,244.92,-0.4
05/09/2018,41080.12,41156.37,41160.18,40904.83,341.06,-0.18
05/08/2018,41155.8,41172.82,41642.33,41110.44,563.62,-0.04
05/07/2018,41172.82,41218.72,41233.42,41031.15,221.38,-0.11
05/04/2018,41218.72,41107.81,41236.79,41107.81,283.57,0.27
05/03/2018,41107.81,41306.02,41307.05,40944.36,320.39,-0.48
05/02/2018,41306.02,41268.01,41396.91,41154.78,276.17,0.09
04/30/2018,41268.01,41244.89,41279.95,41146.48,450.53,0.06
04/27/2018,41244.89,40777.67,41247.2,40761.74,319.34,1.21
04/26/2018,40752.83,40755.73,40798.01,40727.26,378.19,-0.01
04/25/2018,40755.73,40801.04,40926.72,40589.6,350.39,-0.12
04/24/2018,40802.78,40763.93,40970.31,40757.19,246.58,0.1
04/23/2018,40763.93,40814.89,40832.34,40579.54,309.41,-0.12
04/20/2018,40814.89,40874.09,40893.97,40735.76,242.06,-0.14
04/19/2018,40874.09,40772.26,40937.09,40724.76,740.36,0.25
04/18/2018,40772.26,40788.68,40861.04,40492.26,230.17,-0.04
04/17/2018,40788.68,40533.37,40862.01,40409.9,1.6,0.63
04/16/2018,40533.37,40932.18,41014.67,40888.23,192.49,-0.67
04/13/2018,40808.48,40808.48,40961.2,40426.93,167.13,0.0
04/12/2018,40808.48,40846.24,40882.71,40622.43,205.29,-0.09
04/11/2018,40846.24,40499.04,40849.15,40444.54,367.2,0.86
04/10/2018,40499.04,40429.18,40499.04,40206.1,388.27,0.17
04/09/2018,40429.18,40841.14,40848.41,40429.18,287.04,-1.01
04/06/2018,40841.14,40875.69,41001.17,40814.68,501.96,-0.08
04/05/2018,40875.69,40749.86,40945.75,40684.52,495.64,0.31
04/04/2018,40749.86,40854.54,40855.83,40512.37,401.41,-0.26
04/03/2018,40855.64,41504.51,41615.41,40795.66,364.76,-1.56
03/29/2018,41504.51,40822.83,41526.24,40681.31,270.6,1.72
03/28/2018,40802.08,41243.24,41280.46,40751.4,535.03,-1.07
03/27/2018,41243.24,41454.3,41466.48,41232.61,352.89,-0.51
03/26/2018,41454.3,41472.1,41662.4,41454.3,379.88,-0.04
03/23/2018,41472.1,41633.79,41960.37,41469.28,560.12,-0.39
03/22/2018,41633.79,41495.43,41640.04,41370.69,542.27,0.33
03/21/2018,41495.43,41686.36,41693.11,41235.34,488.74,-0.46
03/20/2018,41686.36,41832.63,41860.34,41614.2,398.2,-0.35
03/19/2018,41832.63,41926.99,41926.99,41664.77,326.86,-0.25
03/16/2018,41935.93,42185.38,42185.38,41741.34,426.58,-0.59
03/15/2018,42185.38,42839.49,42889.64,42039.57,404.05,-1.53
03/14/2018,42839.52,43073.42,43073.42,42669.83,372.67,-0.54
03/13/2018,43073.45,43056.51,43081.56,42801.0,407.78,0.04
03/12/2018,43056.51,43167.87,43228.94,42943.34,431.23,-0.26
03/09/2018,43167.86,43090.55,43290.23,43079.16,1.53,0.18
03/08/2018,43090.55,42952.7,43092.63,42777.92,266.0,0.32
03/07/2018,42952.7,43609.77,43870.09,42939.13,270.32,-1.51
03/06/2018,43609.77,43513.93,43611.76,42912.56,445.5,0.22
03/05/2018,43513.93,42876.23,44062.47,42876.23,251.87,1.49
03/02/2018,42876.23,42843.38,42934.03,42705.63,403.13,0.08
03/01/2018,42843.38,43330.54,43366.21,42628.49,371.25,-1.12
02/28/2018,43330.54,42299.56,43389.51,42098.01,571.57,2.44
02/27/2018,42299.56,42579.48,42588.34,42231.43,438.65,-0.66
02/26/2018,42579.48,42570.89,42671.04,42514.17,384.86,0.02
02/23/2018,42570.89,42258.78,42580.14,42214.42,308.43,0.74
02/22/2018,42258.78,42158.32,42292.85,42158.32,342.07,0.24
02/21/2018,42158.32,42148.4,42241.04,42061.98,570.26,0.02
02/20/2018,42148.4,41987.74,42265.53,41497.82,510.28,0.38
02/19/2018,41988.18,42638.83,42712.65,41988.18,287.17,-1.53
02/16/2018,42638.83,42604.4,42751.47,42454.63,616.59,0.08
02/15/2018,42604.4,42171.8,42604.4,42171.8,615.13,1.03
02/14/2018,42171.8,41708.15,42207.86,41657.35,520.74,1.11
02/13/2018,41708.15,42735.32,42735.32,41614.1,470.52,-2.41
02/12/2018,42737.89,43127.92,43198.0,42080.55,517.44,-0.9
02/09/2018,43127.92,43326.89,43672.55,42790.79,552.39,-0.46
02/08/2018,43326.89,43538.16,43616.14,43261.66,2.14,-0.49
02/07/2018,43538.16,43877.3,43921.17,43534.71,508.3,-0.77
02/06/2018,43877.3,44261.72,44262.49,43770.46,717.15,-0.87
02/05/2018,44261.72,44639.99,44663.91,44046.48,426.87,-0.85
02/02/2018,44639.99,44460.18,44684.38,44460.18,524.94,0.4
02/01/2018,44460.18,44378.8,44484.04,44155.38,630.52,0.26
01/31/2018,44343.65,44493.79,44512.37,43946.1,651.9,-0.34
01/30/2018,44493.79,44306.48,44493.79,43986.69,876.98,0.42
01/29/2018,44306.48,43773.76,44306.48,43773.76,573.35,1.22
01/26/2018,43773.76,43529.06,44155.98,43529.06,944.86,0.56
01/25/2018,43529.06,43963.4,43995.68,43106.26,500.85,-0.99
01/24/2018,43963.4,44389.85,44389.85,43092.87,536.43,-0.96
01/23/2018,44389.85,44912.53,44937.83,43720.59,737.86,-1.16
01/22/2018,44912.53,45092.83,45321.82,44748.24,2.13,-0.4
01/19/2018,45092.83,44848.74,45103.96,44377.62,1.34,0.54
01/18/2018,44848.74,44885.24,45162.64,44188.72,1.34,-0.08
01/17/2018,44885.24,44054.72,44901.01,43956.76,960.68,1.89
01/16/2018,44054.72,43119.0,44055.68,43119.0,635.4,2.17
01/15/2018,43119.0,42898.9,43119.44,42262.82,730.56,0.51
01/12/2018,42898.9,43041.54,43670.57,42636.87,1.39,-0.33
01/11/2018,43041.54,41816.11,43269.41,41813.37,1.16,2.93
01/10/2018,41816.11,40366.22,41816.11,40366.22,1.09,3.6
01/09/2018,40362.97,39849.65,40485.54,39688.04,770.89,1.29
01/08/2018,39849.65,38923.26,39851.45,38908.12,604.53,2.38
01/05/2018,38923.26,38676.12,39113.68,38676.12,753.29,0.64
01/04/2018,38676.12,38187.28,38848.31,38182.94,825.13,1.28
01/03/2018,38187.28,38264.79,38579.51,38187.28,580.71,-0.2
01/02/2018,38264.79,38243.19,38268.82,37646.88,248.48,0.06
