Date, Open, High, Low, Close, Volume
12/30/22,12.2,12.5,12.15,12.3,108400
12/29/22,12.25,12.25,12.1,12.2,1041800
12/28/22,12.1,12.3,12.1,12.2,26800
12/23/22,12.1,12.2,12,12.1,20900
12/22/22,12.5,12.5,12,12.05,173500
12/21/22,12.2,12.2,12.1,12.2,31500
12/20/22,12,12.2,12,12.05,61200
12/19/22,12.3,12.3,12.05,12.2,56700
12/16/22,12.2,12.25,12.05,12.15,132100
12/15/22,12.3,12.3,12,12.05,75600
12/14/22,12,12.1,12,12,149900
12/13/22,12,12.1,12,12,85700
9/12/2022,12,12.1,12,12,71700
8/12/2022,12,12,11.9,12,41300
7/12/2022,12.05,12.1,11.65,11.95,42000
6/12/2022,12.1,12.5,11.95,12.05,73200
5/12/2022,11.8,12.1,11.8,12,118700
2/12/2022,11.95,12,11.65,11.8,102500
1/12/2022,11.8,12,11.8,11.95,31500
11/30/22,11.4,12.5,11.4,11.65,53300
11/29/22,11.5,12,11.4,11.8,121400
11/28/22,11.7,11.7,11.25,11.4,48900
11/25/22,11.6,11.7,11.55,11.65,98400
11/24/22,11.6,11.7,11.3,11.5,31800
11/23/22,11.75,11.75,11.5,11.6,78200
11/22/22,11.75,11.75,11.4,11.6,171200
11/21/22,11.75,11.8,11.6,11.75,39500
11/18/22,11.7,11.8,11.6,11.7,85500
11/17/22,11.8,11.8,11.7,11.7,125500
11/16/22,11.7,11.8,11.4,11.7,14983400
11/15/22,11.6,11.7,11.6,11.65,91800
11/14/22,11.9,11.9,11.55,11.7,34100
11/11/2022,11.85,11.9,11.65,11.7,39600
10/11/2022,11.7,12,11.7,11.85,55000
9/11/2022,12,12,11.6,11.8,44700
8/11/2022,12,12,11.4,11.7,1109000
7/11/2022,11.5,11.7,11.1,11.7,1179400
4/11/2022,11.45,11.55,11.15,11.4,146500
3/11/2022,11.5,11.5,11.35,11.5,87800
2/11/2022,11.35,11.6,11.3,11.45,77600
1/11/2022,12.25,12.25,11.2,11.35,52400
10/31/22,11.35,11.35,11.15,11.25,111100
10/28/22,11.25,11.35,11,11.15,69700
10/27/22,11.5,11.5,11.15,11.35,35900
10/26/22,11.5,11.5,11.15,11.35,38600
10/25/22,11.6,11.65,11.35,11.5,92300
10/24/22,11.65,11.65,11.4,11.6,57500
10/21/22,11.65,11.65,11.5,11.6,94800
10/19/22,11.85,11.85,11.5,11.65,101600
10/18/22,11.5,12,11.5,11.65,56900
10/17/22,11.2,11.5,11.2,11.35,111900
10/14/22,11.2,11.2,11.05,11.15,37000
10/13/22,11.15,11.2,11,11.1,50300
12/10/2022,11,11.15,10.8,10.95,68900
11/10/2022,11,11.1,10.9,10.95,84700
7/10/2022,11,11.2,10.9,10.95,62700
6/10/2022,11,11.2,10.8,10.95,100700
5/10/2022,11.05,11.2,10.95,11,95300
4/10/2022,11.1,11.35,11,11.05,130400
3/10/2022,11.35,11.4,11.1,11.3,93100
09/30/22,11.5,11.5,11.4,11.45,48800
09/29/22,11.4,11.5,11.25,11.35,77500
09/28/22,11.4,11.45,11.1,11.3,16300
09/27/22,11.3,11.5,11.05,11.25,53900
09/26/22,11.8,11.8,11.3,11.4,2063000
09/23/22,11.8,11.8,11.05,11.45,33500
09/22/22,11.7,11.7,11,11.4,546800
09/21/22,11.8,11.8,11.5,11.55,264100
09/20/22,11.8,11.8,11.5,11.6,188400
09/19/22,11.7,12,11.5,11.7,192700
09/16/22,11.5,11.7,11.5,11.6,60100
09/15/22,11.75,11.75,11.1,11.35,70900
09/14/22,12,12,11.5,11.7,56100
12/9/2022,11.95,12,11.9,11.95,170300
9/9/2022,11.9,12,11.9,11.95,46300
8/9/2022,12,12.1,11.9,11.95,49100
7/9/2022,12,12.5,11.9,12,280600
6/9/2022,12,12.4,11.95,12,294600
5/9/2022,12.3,12.5,11.7,12,1407500
2/9/2022,12,12.05,11.9,12,65800
1/9/2022,11.9,12,11.8,12,67200
08/31/22,11.65,11.9,11.65,11.85,18600
08/30/22,11.7,12,11.65,11.85,11800
08/29/22,12.3,12.3,11.45,11.65,102200
08/26/22,11.9,12,11.6,11.7,68200
08/25/22,11.7,12,11.7,11.8,65800
08/24/22,12,12,11,11.6,226500
08/23/22,12.3,12.3,11.9,12,125100
08/22/22,12.35,12.5,12.1,12.2,76100
08/19/22,12.3,12.45,12.25,12.35,107000
08/18/22,12.4,12.45,12.25,12.3,272700
08/17/22,12.05,12.4,12.05,12.3,139900
08/16/22,12.4,12.4,12.05,12.25,72500
08/15/22,12.3,12.4,12,12.1,41500
12/8/2022,12.4,12.4,11.95,12,144600
11/8/2022,12,12.5,11.85,12,174200
10/8/2022,11.75,12,11.4,11.75,581300
8/8/2022,11.55,11.7,11.4,11.6,161900
5/8/2022,11.5,11.5,11.35,11.4,249800
4/8/2022,11.3,11.6,11.2,11.35,109700
3/8/2022,11.25,11.3,11.05,11.2,100600
2/8/2022,11.3,11.3,11.1,11.15,961100
1/8/2022,11.1,11.55,11.05,11.25,226100
07/29/22,10.95,11.15,10.95,11.05,114600
07/28/22,10.7,11.1,10.7,10.95,178300
07/27/22,10.65,11,10.6,10.65,452200
07/26/22,10.75,10.75,10.5,10.5,161300
07/25/22,10.8,10.8,10.65,10.7,71100
07/22/22,10.8,10.8,10.05,10.45,195000
07/21/22,10.55,10.85,10.4,10.5,245600
07/20/22,10.8,10.85,10.45,10.55,212900
07/19/22,10.7,10.85,10.45,10.55,253600
07/18/22,11,11,10.5,10.65,87800
07/15/22,11.3,11.3,10.5,10.85,183900
07/14/22,11.3,11.45,11,11.25,128400
07/13/22,11.3,11.6,11.3,11.45,204700
12/7/2022,11.6,11.7,11.3,11.45,61900
8/7/2022,11.05,11.7,10.95,11.2,84400
7/7/2022,10.95,11.8,10.9,10.9,267500
6/7/2022,10.75,10.95,10.7,10.9,38100
5/7/2022,10.65,10.95,10.65,10.7,63100
4/7/2022,10.5,10.7,10.5,10.6,64700
1/7/2022,10.8,10.8,10.5,10.6,67300
06/30/22,10.4,10.55,10.3,10.45,92200
06/29/22,10.25,10.75,10.2,10.5,114000
06/28/22,10.5,10.5,10.2,10.25,98300
06/27/22,10.25,10.35,10.2,10.25,87500
06/24/22,10.4,10.45,10,10.2,68600
06/23/22,10.7,10.7,10,10.3,116200
06/22/22,10.8,10.8,10.45,10.6,74800
06/21/22,10.8,10.85,10.65,10.75,93200
06/20/22,10.85,10.85,10.55,10.75,44600
06/17/22,11.25,11.25,10.4,10.8,54200
06/16/22,10.8,11,10.5,10.85,43100
06/15/22,11.45,11.45,10.4,10.9,62900
06/14/22,11.2,11.5,10.4,10.9,47700
06/13/22,11.6,11.6,11,11.45,232400
10/6/2022,11.5,12,11.3,11.5,73300
9/6/2022,10.95,11.5,10.9,11.45,7365600
8/6/2022,10.95,11.3,10.85,11,1272900
7/6/2022,10.5,11.5,10.5,10.95,218200
6/6/2022,11,11,10.5,10.65,127300
3/6/2022,10.7,10.75,10.35,10.5,104200
2/6/2022,10.2,10.7,10.2,10.3,75200
05/31/22,10.5,10.5,10.2,10.25,44900
05/30/22,10.45,10.5,10,10.2,106300
05/27/22,10.2,10.5,9.9,10.05,258500
05/26/22,10.3,10.5,9.9,10.1,78000
05/25/22,9.88,10.05,9.82,9.96,699000
05/24/22,9.76,9.9,9.76,9.9,216300
05/23/22,9.76,9.9,9.7,9.82,81400
05/20/22,9.8,9.8,9.7,9.76,142200
05/19/22,9.8,9.8,9.7,9.74,28300
05/18/22,9.8,9.8,9.7,9.78,70400
05/17/22,9.94,9.94,9.7,9.8,140000
05/16/22,9.88,9.94,9.76,9.86,44400
05/13/22,9.9,9.9,9.02,9.7,232900
12/5/2022,9.96,10,9.9,9.94,99200
11/5/2022,10,10,9.86,9.96,40800
10/5/2022,10,10.2,9.5,9.86,224000
9/5/2022,10,10.1,9.94,10,131600
6/5/2022,10,10.2,9.8,9.94,84100
5/5/2022,10.2,10.2,9.8,9.98,120200
4/5/2022,10,10.25,9.76,9.98,123400
04/28/22,10.55,10.55,9.7,9.98,812500
04/27/22,11.4,11.4,10.6,10.75,140400
04/26/22,11.95,11.95,11.2,11.75,102300
04/25/22,12.7,12.7,12.6,12.6,660700
04/22/22,12.65,12.7,12.55,12.6,341900
04/21/22,12.6,12.85,12.6,12.7,170300
04/20/22,12.55,12.8,12.55,12.55,700600
04/19/22,12.65,12.8,12.45,12.55,868700
04/14/22,12.45,12.55,12.3,12.4,103300
04/13/22,12.45,12.45,12.3,12.35,81400
12/4/2022,12.25,12.3,12.25,12.3,228700
11/4/2022,12.3,12.3,12.2,12.25,266400
8/4/2022,12.25,12.3,12.2,12.25,93200
7/4/2022,12.3,12.5,12.25,12.35,118100
6/4/2022,12.4,12.4,12.15,12.25,80000
5/4/2022,12.4,12.45,12.2,12.3,93900
4/4/2022,12.5,12.5,12.15,12.35,70000
1/4/2022,12.5,12.5,12,12.1,141000
03/31/22,12.4,12.5,12.4,12.45,163800
03/30/22,12.35,12.5,12,12.35,191200
03/29/22,12.65,12.65,12.4,12.5,305000
03/28/22,12.5,12.65,12.35,12.5,464400
03/25/22,12.4,12.4,12.3,12.35,141900
03/24/22,12.4,12.45,12.3,12.35,2465800
03/23/22,12.35,12.4,12.3,12.35,3363500
03/22/22,12.55,12.75,12.35,12.4,164100
03/21/22,12.3,12.95,12.3,12.55,108100
03/18/22,12.4,12.5,12.15,12.4,412300
03/17/22,12.5,12.5,12.1,12.3,2380300
03/16/22,12.25,12.9,12.2,12.2,889900
03/15/22,12.15,12.5,12.15,12.25,3817700
03/14/22,12.05,12.3,12.05,12.15,106100
11/3/2022,12.2,12.2,12,12.1,64400
10/3/2022,12.3,12.4,12.1,12.15,133700
9/3/2022,12.3,12.3,12,12.1,373000
8/3/2022,11.75,12.4,11.75,12.2,240700
7/3/2022,12,12.15,11.8,11.85,143100
4/3/2022,12,12,11.9,11.95,75100
3/3/2022,12.2,12.2,11.9,12,131900
2/3/2022,11.9,12.1,11.9,12,66300
1/3/2022,12,12.1,11.3,11.9,24500
02/28/22,12,12,11.4,11.9,260800
02/25/22,12.1,12.2,11.95,12,3665700
02/24/22,12.45,12.45,12.05,12.1,1360700
02/23/22,12.1,12.5,12.05,12.2,104200
02/22/22,12,12.5,11.9,11.9,6232100
02/21/22,12,12.1,11.8,12,87900
02/18/22,12,12.1,11.75,12,425400
02/17/22,11.9,12,11.7,11.75,79400
02/16/22,11.7,12,11.65,11.7,586900
02/15/22,11.7,11.8,11.65,11.7,136300
02/14/22,11.8,11.85,11.6,11.75,273300
11/2/2022,11.8,11.85,11.6,11.65,251900
10/2/2022,11.65,11.8,11.45,11.6,236600
9/2/2022,11.7,11.7,11.4,11.55,66400
8/2/2022,11.7,11.7,11.2,11.4,172300
7/2/2022,11.9,12,11,11.4,197300
4/2/2022,11.9,12,11.85,11.9,318600
3/2/2022,11.85,11.9,11.7,11.8,143400
2/2/2022,11.85,11.95,11.8,11.85,141200
1/2/2022,11.7,11.95,11.7,11.8,102100
01/31/22,11.75,11.9,11.6,11.85,278400
01/28/22,11.8,11.9,11.6,11.75,406100
01/27/22,11.75,11.9,11.75,11.8,133600
01/26/22,11.8,11.9,11.8,11.8,130400
01/25/22,11.9,11.9,11.8,11.8,82400
01/24/22,11.85,11.85,11.8,11.8,80500
01/21/22,11.8,11.85,11.75,11.8,104500
01/20/22,11.95,11.95,11.8,11.8,156300
01/19/22,11.9,12,11.85,11.95,50000
01/18/22,11.9,11.95,11.75,11.9,113300
01/17/22,11.85,11.95,11.8,11.85,192500
01/14/22,11.75,11.9,11.75,11.85,119800
01/13/22,12,12,11.7,11.8,645000
12/1/2022,11.95,12,11.8,12,245200
11/1/2022,11.95,11.95,11.8,11.9,55900
10/1/2022,11.75,11.95,11.75,11.9,969300
7/1/2022,11.85,11.95,11.6,11.8,202600
6/1/2022,11.8,11.9,11.7,11.8,128900
5/1/2022,11.8,11.8,11.6,11.75,72800
4/1/2022,11.85,11.85,11.7,11.8,86600
3/1/2022,11.9,11.9,11.6,11.75,57700
12/31/21,11.9,11.95,11.7,11.85,7800
12/30/21,11.7,11.9,11.5,11.7,122200
12/29/21,11.5,12,11.5,11.8,456200
12/28/21,11.55,11.8,11.5,11.6,265300
12/24/21,11.5,11.75,11.5,11.55,178300
12/23/21,11.25,11.4,11.25,11.3,301900
12/22/21,11.25,11.25,11,11.2,282400
12/21/21,11.2,11.4,11,11.2,298100
12/20/21,11.3,11.4,11,11.1,48700
12/17/21,11.2,11.25,11.05,11.2,43300
12/16/21,11.2,11.2,11,11,307400
12/15/21,11.3,11.3,11,11.05,138100
12/14/21,11.1,11.3,10.95,11.2,362000
10/12/2021,10.95,11.1,10.9,11.05,52000
9/12/2021,11,11.1,10.85,10.95,213400
8/12/2021,11,11.1,10.9,10.95,167700
7/12/2021,10.9,10.95,10.8,10.85,573700
6/12/2021,10.85,11,10.8,10.8,117000
3/12/2021,10.8,11.1,10.8,11.05,301800
2/12/2021,11.25,11.25,10.6,10.8,213700
1/12/2021,10.5,11.25,10.5,10.9,661300
11/30/21,11.25,11.4,10.95,11.05,662800
11/29/21,11.2,11.4,11,11.25,10912300
11/26/21,10.95,11.1,10.8,10.95,1276000
11/25/21,10.9,10.95,10.8,10.9,660000
11/24/21,10.75,10.9,10.75,10.9,4220900
11/23/21,10.6,10.8,10.6,10.75,1268000
11/22/21,10.5,10.55,10.45,10.45,4179000
11/19/21,10.45,10.55,10.45,10.5,1412700
11/18/21,10.45,10.5,10.35,10.45,383100
11/17/21,10.4,10.45,10.3,10.35,1037600
11/16/21,10.4,10.5,10.2,10.35,223100
11/15/21,10.5,10.5,10.35,10.4,158100
12/11/2021,10.25,10.4,10.2,10.2,3403600
11/11/2021,10.4,10.4,10.2,10.3,2314300
10/11/2021,10.35,10.4,10.25,10.3,169300
9/11/2021,10.25,10.45,10.25,10.4,1089400
8/11/2021,10.25,10.3,10.05,10.25,112700
5/11/2021,10.3,10.35,10.05,10.25,109300
4/11/2021,10.25,10.45,10.25,10.3,29700
3/11/2021,10.2,10.25,10.1,10.15,116700
2/11/2021,10.15,10.4,10,10.1,155600
1/11/2021,10.45,10.45,10.05,10.1,117500
10/29/21,10.2,10.45,10.2,10.25,340000
10/28/21,10.5,10.5,10.1,10.2,45100
10/27/21,10.05,10.5,10.05,10.15,506000
10/26/21,10.05,10.25,10,10.1,118100
10/25/21,10.3,10.5,10,10.1,45900
10/22/21,10.3,10.3,10,10.05,130600
10/21/21,10.3,10.3,10,10.05,127300
10/19/21,10.15,10.3,10,10.2,324300
10/18/21,10.25,10.25,10.05,10.1,25100
10/15/21,10.25,10.25,10.05,10.15,113800
10/14/21,10.1,10.3,10.1,10.25,645900
10/13/21,10.25,10.25,10.05,10.1,78400
12/10/2021,10.25,10.25,10.1,10.15,458700
8/10/2021,10.2,10.5,10,10.25,1045800
7/10/2021,10.5,10.5,10.05,10.25,62600
6/10/2021,10.55,10.55,10.25,10.3,578000
5/10/2021,10.35,10.5,10.2,10.25,97400
4/10/2021,10.55,10.55,10.3,10.4,52100
1/10/2021,10.55,10.6,10.3,10.5,72500
09/30/21,10.6,10.6,10.4,10.55,97900
09/29/21,10.5,10.6,10.45,10.55,241400
09/28/21,10.6,10.6,10.55,10.55,50200
09/27/21,10.65,10.65,10.55,10.6,3063900
09/24/21,10.6,10.6,10.5,10.55,79400
09/23/21,10.45,10.7,10.45,10.6,893700
09/22/21,10.4,10.6,10.4,10.5,50400
09/21/21,10.6,10.6,10.4,10.5,120700
09/20/21,10.6,10.6,10.05,10.35,268100
09/17/21,10.5,10.65,10.3,10.35,68700
09/16/21,10.5,11,10.35,10.45,132100
09/15/21,11,11.35,10.35,10.6,44800
09/14/21,10.5,11,10.35,10.6,4115900
09/13/21,10.55,10.55,10.3,10.45,99900
10/9/2021,10.35,10.55,10.3,10.4,67400
9/9/2021,10.4,10.5,10.3,10.3,1750900
8/9/2021,10.3,10.4,10.15,10.3,581200
7/9/2021,10.35,10.4,10,10.3,180800
6/9/2021,10.55,10.55,10.1,10.4,61100
3/9/2021,10.5,10.6,10.5,10.55,94500
2/9/2021,10.6,10.6,10.35,10.5,77100
1/9/2021,11,11,10.5,10.9,644700
08/31/21,11,11,10.9,10.95,285300
08/30/21,11.1,11.1,10.95,11,227400
08/27/21,10.95,11.15,10.95,11,647300
08/26/21,10.75,11,10.55,10.95,5950600
08/25/21,10.55,10.7,10.55,10.55,613400
08/24/21,10.35,10.7,10.35,10.55,300000
08/23/21,10.3,10.55,10.2,10.3,2686000
08/20/21,10.2,10.25,10.1,10.15,88600
08/19/21,10.3,10.35,10.15,10.25,20100
08/18/21,10.15,10.35,10.1,10.15,249100
08/17/21,10,10.3,9.8,10,647000
08/16/21,9.8,10,9.7,9.8,84300
08/13/21,9.76,9.9,9.7,9.78,76300
12/8/2021,9.8,9.9,9.7,9.76,118300
11/8/2021,9.98,10,9.74,9.92,179000
10/8/2021,9.9,9.9,9.74,9.8,222500
9/8/2021,9.8,9.9,9.7,9.8,622700
6/8/2021,9.72,9.98,9.7,9.8,635400
5/8/2021,9.98,9.98,9.7,9.82,35600
4/8/2021,9.92,9.98,9.68,9.76,59800
3/8/2021,9.96,9.96,9.7,9.82,124800
2/8/2021,9.9,9.96,9.9,9.92,67700
07/30/21,10,10,9.9,9.94,266100
07/29/21,10.2,10.2,9.9,9.94,2023800
07/28/21,10,10,9.62,9.88,642000
07/27/21,9.86,10,9.66,9.74,61700
07/26/21,9.9,10,9.5,9.66,70600
07/23/21,9.9,9.9,9.76,9.86,12800
07/22/21,10,10,9.6,9.88,43600
07/21/21,10,10.1,9.9,9.98,130700
07/19/21,10.1,10.1,10,10,710000
07/16/21,9.98,10.1,9.82,10,344400
07/15/21,9.96,10,9.9,10,49900
07/14/21,10,10,9.9,9.94,444400
07/13/21,10.05,10.2,9.9,10,109100
12/7/2021,10.05,10.25,10,10.1,142200
9/7/2021,10.15,10.15,10,10.05,2958300
8/7/2021,10,10.15,9.98,10,355100
7/7/2021,9.8,10.05,9.8,10,222400
6/7/2021,9.76,9.92,9.5,9.68,394500
5/7/2021,9.76,9.92,9.4,9.42,3148600
2/7/2021,9.9,9.9,9.2,9.4,1238200
1/7/2021,9.6,9.96,9.3,9.6,55100
06/30/21,10.05,10.05,9.8,9.92,134900
06/29/21,10.1,10.1,10,10,75000
06/28/21,10,10.1,9.92,10,27000
06/25/21,10.1,10.1,9.9,9.92,83600
06/24/21,10,10.1,9.8,9.88,97800
06/23/21,10.2,10.2,9.8,10.1,439000
06/22/21,10.25,10.25,10,10.15,243700
06/21/21,10.15,10.25,10.1,10.2,274500
06/18/21,10.15,10.2,10,10.1,73100
06/17/21,10.15,10.2,10.05,10.1,289000
06/16/21,10,10.2,9.94,10.05,288500
06/15/21,10.2,10.25,10,10.1,233500
06/14/21,10,10.25,10,10.25,5650400
11/6/2021,10.1,10.15,10,10.1,72800
10/6/2021,10.05,10.15,10.05,10.1,78500
9/6/2021,10,10.2,9.86,10,189200
8/6/2021,9.86,10,9.86,9.94,205500
7/6/2021,9.82,9.96,9.74,9.86,53900
4/6/2021,9.68,9.9,9.52,9.78,999600
3/6/2021,9.7,9.7,9.5,9.5,2011400
2/6/2021,9.52,9.7,9.5,9.54,164600
05/31/21,9.5,9.5,9.34,9.48,371900
05/28/21,9.7,9.76,9.42,9.52,2073900
05/27/21,8.94,9.78,8.94,9.54,223700
05/26/21,9.3,9.48,8.94,9.22,168500
05/25/21,9.2,9.38,9.2,9.22,54100
05/24/21,9.1,9.2,9,9.1,355100
05/21/21,9.1,9.16,9,9.1,57900
05/20/21,8.98,9.1,8.92,9.02,483900
05/19/21,9,9,8.84,8.92,173000
05/18/21,8.9,8.98,8.8,8.84,212500
05/17/21,8.88,9,8.8,8.88,92400
05/13/21,8.86,8.88,8.7,8.8,40700
12/5/2021,8.78,8.8,8.74,8.78,378700
11/5/2021,8.8,8.8,8.72,8.78,52200
10/5/2021,8.84,8.84,8.72,8.78,335300
7/5/2021,8.8,8.88,8.72,8.76,54500
6/5/2021,8.7,8.8,8.7,8.8,183000
5/5/2021,8.8,8.8,8.6,8.66,36400
4/5/2021,8.8,8.8,8.6,8.7,64700
3/5/2021,8.8,8.9,8.7,8.8,81800
04/30/21,8.8,8.8,8.7,8.78,457600
04/29/21,8.7,8.78,8.7,8.74,49200
04/28/21,8.76,8.76,8.62,8.68,153800
04/27/21,8.8,8.8,8.6,8.64,63600
04/26/21,8.78,8.8,8.6,8.68,92700
04/23/21,8.6,8.8,8.6,8.72,238700
04/22/21,8.7,8.7,8.6,8.62,406700
04/21/21,8.8,8.8,8.66,8.7,50200
04/20/21,8.84,8.86,8.78,8.8,215000
04/19/21,8.84,8.86,8.74,8.78,63800
04/16/21,8.88,8.88,8.72,8.8,34300
04/15/21,8.78,8.9,8.78,8.84,168700
04/14/21,8.8,8.9,8.7,8.76,109900
04/13/21,8.9,9,8.8,8.86,47600
12/4/2021,8.9,8.9,8.8,8.88,85200
9/4/2021,8.82,8.9,8.7,8.86,407100
8/4/2021,8.96,8.96,8.8,8.86,74300
7/4/2021,8.9,9,8.8,8.84,207400
6/4/2021,9,9,8.8,8.82,104500
1/4/2021,8.82,9,8.7,8.8,577900
03/31/21,8.7,8.98,8.66,8.82,442900
03/30/21,8.7,8.7,8.64,8.66,219200
03/29/21,8.6,8.98,8.5,8.64,165600
03/26/21,9,9,8.8,8.86,357500
03/25/21,9,9.26,8.82,8.94,360600
03/24/21,9.3,9.3,8.5,9,600500
03/23/21,9.44,9.48,9.42,9.44,162000
03/22/21,9.48,9.48,9.34,9.38,618500
03/19/21,9.5,9.5,9.4,9.44,17200
03/18/21,9.36,9.5,9.34,9.38,160300
03/17/21,9.3,9.6,9.24,9.34,408200
03/16/21,9.5,9.5,9.3,9.32,163200
03/15/21,9.42,9.44,9.3,9.36,419900
12/3/2021,9.4,9.44,9.36,9.42,183000
11/3/2021,9.48,9.5,9.34,9.4,509200
10/3/2021,9.5,9.56,9.4,9.44,180500
9/3/2021,9.56,9.56,9.4,9.5,129000
8/3/2021,9.7,9.7,9.5,9.58,61200
5/3/2021,9.56,9.7,9.54,9.6,28700
4/3/2021,9.56,9.56,9.5,9.54,45500
3/3/2021,9.7,9.7,9.5,9.56,41400
2/3/2021,9.7,9.7,9.4,9.56,140300
1/3/2021,9.8,9.8,9.24,9.64,62800
02/26/21,9.8,9.8,9.72,9.72,559900
02/25/21,9.88,9.88,9.68,9.74,192000
02/24/21,9.88,9.9,9.7,9.84,104400
02/23/21,9.72,9.8,9.72,9.78,243800
02/22/21,9.7,9.8,9.6,9.72,564900
02/19/21,9.66,9.7,9.56,9.62,156300
02/18/21,9.56,9.64,9.56,9.6,52200
02/17/21,9.54,9.66,9.5,9.58,323600
02/16/21,9.6,9.6,9.5,9.54,315000
02/15/21,9.5,9.6,9.5,9.6,2072000
12/2/2021,9.48,9.6,9.4,9.6,2087100
11/2/2021,9.4,9.48,9.38,9.4,68800
10/2/2021,9.32,9.44,9.3,9.36,62400
9/2/2021,9.3,9.32,9.2,9.3,24900
8/2/2021,9.3,9.38,9.1,9.18,511700
5/2/2021,9.3,9.3,9.1,9.26,83100
4/2/2021,9.1,9.3,9.1,9.1,1587200
3/2/2021,9.3,9.34,9,9.18,38700
2/2/2021,9.38,9.38,8.9,8.9,2500600
1/2/2021,9.36,9.36,8.9,9.04,173200
01/29/21,9.36,9.38,9.14,9.32,20200
01/28/21,9.4,9.4,9,9.14,157800
01/27/21,9.4,9.4,9.02,9.1,342500
01/26/21,9.38,9.38,9.22,9.34,42100
01/25/21,9.46,9.46,9.12,9.36,66400
01/22/21,9.5,9.5,9.4,9.46,31900
01/21/21,9.5,9.5,9.44,9.48,51000
01/20/21,9.7,9.7,9.44,9.5,141700
01/19/21,9.52,9.78,9.48,9.5,500200
01/18/21,9.5,9.76,9.44,9.5,148100
01/15/21,9.5,9.78,9.44,9.5,56100
01/14/21,9.42,9.5,9.4,9.4,195400
01/13/21,9.78,9.78,9.38,9.42,583000
12/1/2021,9.68,9.7,9.44,9.5,40200
11/1/2021,9.7,9.7,9.44,9.46,77900
8/1/2021,9.6,9.78,9.4,9.48,137900
7/1/2021,9.44,9.46,9.36,9.4,194700
6/1/2021,9.44,9.68,9.4,9.44,233400
5/1/2021,9.5,9.7,9.44,9.44,1923300
4/1/2021,9.8,9.8,9.42,9.52,18500
12/31/20,9.7,9.8,9.42,9.66,34100
12/30/20,9.5,9.8,9.4,9.48,26900
12/29/20,9.88,9.88,9.4,9.5,108500
12/28/20,9.4,9.62,9.24,9.42,31800
12/24/20,9.9,9.9,9.36,9.62,8200
12/23/20,9.2,9.5,9.2,9.24,606500
12/22/20,9.2,9.3,9.2,9.2,75900
12/21/20,9.2,9.3,9.16,9.2,103600
12/18/20,9.28,9.3,9.12,9.16,55200
12/17/20,9.4,9.4,9.1,9.2,287200
12/16/20,9.4,9.4,9.26,9.28,276300
12/15/20,9.38,9.4,9.28,9.34,2105600
12/14/20,9.5,9.68,9.2,9.34,253400
11/12/2020,9.68,9.7,9.5,9.56,99100
10/12/2020,9.78,9.78,9.6,9.72,10400
9/12/2020,9.7,9.7,9.5,9.7,691500
8/12/2020,9.8,9.8,9.2,9.78,936400
7/12/2020,9.72,9.8,9.72,9.78,122000
4/12/2020,9.78,9.8,9.6,9.76,220400
3/12/2020,9.6,9.9,9.6,9.7,1241600
2/12/2020,9.8,9.8,9.3,9.36,62700
1/12/2020,9.74,9.96,9.3,9.78,480400
11/30/20,9.6,9.8,9.4,9.54,60800
11/27/20,9.7,9.76,9.4,9.54,49300
11/26/20,9.4,9.6,9.2,9.34,83700
11/25/20,9.72,9.76,9.4,9.4,2769700
11/24/20,9.72,9.72,9.36,9.4,4094100
11/23/20,9.76,9.76,9.5,9.54,54700
11/20/20,9.6,9.6,9.42,9.58,398200
11/19/20,9.7,10,9.56,9.76,94900
11/18/20,10,10.1,9.7,10,942100
11/17/20,9.78,10.1,9.72,10,5375300
11/16/20,9.86,10,9.7,9.78,52600
11/13/20,10,10,9.66,9.9,4725800
12/11/2020,9.76,10,9.76,9.86,79600
11/11/2020,9.6,9.9,9.6,9.76,72700
10/11/2020,9.5,9.8,9.42,9.6,2812100
9/11/2020,9.5,9.6,9.5,9.56,43200
6/11/2020,9.34,9.6,9.34,9.5,65500
5/11/2020,9.5,9.5,9.3,9.38,25300
4/11/2020,9.5,9.5,9.2,9.24,33400
3/11/2020,9.4,9.4,9,9.22,97300
2/11/2020,9.5,9.5,9,9.28,60500
10/30/20,9.6,9.6,9.4,9.44,41900
10/29/20,9.4,9.5,9.4,9.42,64300
10/28/20,9.6,9.6,9.32,9.4,140700
10/27/20,9.4,9.5,9.3,9.4,1098900
10/26/20,9.5,9.6,9.4,9.4,2018400
10/23/20,9.4,9.6,9.4,9.5,24000
10/22/20,9.6,9.62,9.4,9.46,141700
10/21/20,9.44,9.62,9.44,9.5,203900
10/19/20,9.8,9.8,9.44,9.5,52200
10/16/20,9.8,9.8,9.5,9.62,69300
10/15/20,9.6,9.8,9.6,9.66,7200
10/14/20,9.5,9.8,9.4,9.62,65500
10/13/20,9.5,9.6,9.4,9.48,100100
12/10/2020,9.4,9.78,9.3,9.5,74000
9/10/2020,9.44,9.44,9.36,9.4,671000
8/10/2020,9.5,9.5,9.4,9.44,1525600
7/10/2020,9.6,9.6,9.48,9.5,199500
6/10/2020,9.68,9.8,9.5,9.56,89500
5/10/2020,9.82,9.9,9.42,9.54,82500
2/10/2020,9.9,9.9,9.66,9.8,1634600
1/10/2020,9.9,9.9,9.76,9.82,286200
09/30/20,10,10,9.76,9.82,446300
09/29/20,10.1,10.1,9.82,9.9,16100
09/28/20,10.2,10.8,9.72,9.82,1776800
09/25/20,9.9,10,9.8,10,1305600
09/24/20,9.98,10,9.6,9.9,1035900
09/23/20,9.8,9.9,9.6,9.88,1342000
09/22/20,9.9,9.9,9.8,9.84,144700
09/21/20,9.8,10,9.8,9.84,196500
09/18/20,9.92,9.94,9.84,9.84,138000
09/17/20,10,10,9.84,9.9,67700
09/16/20,9.98,10,9.86,9.92,200000
09/15/20,10,10,9.84,9.9,208000
09/14/20,9.8,10,9.8,9.84,211400
11/9/2020,9.8,9.82,9.6,9.74,54500
10/9/2020,9.6,9.8,9.54,9.6,587800
9/9/2020,9.9,9.9,9.52,9.6,159200
8/9/2020,9.7,9.9,9.52,9.84,4133900
7/9/2020,9.6,9.8,9.6,9.66,94600
4/9/2020,9.9,9.9,9.54,9.7,148400
3/9/2020,9.92,9.92,9.5,9.62,392100
2/9/2020,9.96,9.96,9.9,9.92,104400
1/9/2020,10,10,9.9,9.96,84000
08/31/20,9.74,10,9.74,9.98,303600
08/28/20,9.78,10,9,9.54,786800
08/27/20,10,10.7,9.8,9.82,2241500
08/26/20,9.94,10.2,9.82,9.9,107400
08/25/20,10,10,9.7,9.8,1087500
08/24/20,9.8,10,9.7,9.9,61600
08/21/20,9.76,9.8,9.7,9.78,262400
08/20/20,9.6,9.76,9.52,9.64,78400
08/19/20,9.2,9.76,9.2,9.54,170200
08/18/20,9.2,9.74,9.2,9.34,83300
08/17/20,9.06,9.5,9,9.2,271800
08/14/20,9.1,9.2,9,9.06,199900
08/13/20,9.1,9.2,8.96,9.06,151700
12/8/2020,9.2,9.2,9,9.06,95100
11/8/2020,9,9,8.6,8.62,3813100
10/8/2020,8.96,9,8.96,9,164400
7/8/2020,9,9,8.52,8.62,1905600
6/8/2020,9.2,9.2,8.5,8.64,1234700
5/8/2020,9.2,9.3,8.98,9,812000
4/8/2020,9.02,9.3,8.98,9.02,282700
3/8/2020,9.3,9.5,8.96,8.98,3226700
07/30/20,9.3,9.3,8.96,9.02,1338300
07/29/20,9.5,9.5,9.3,9.34,252000
07/28/20,9.5,9.5,9.3,9.36,294600
07/27/20,9.02,9.9,9,9.02,141600
07/24/20,9.2,9.2,9,9.06,68200
07/23/20,9.1,9.1,8.96,9,2638000
07/22/20,9,9.16,8.98,9.02,517300
07/21/20,9.5,9.5,8.96,9.02,614700
07/20/20,9.2,9.2,9.1,9.18,194300
07/17/20,9.2,9.2,9.1,9.18,2941800
07/16/20,9.5,9.5,9.1,9.12,617200
07/15/20,9.3,9.3,9,9.18,345300
07/14/20,9.5,9.5,9,9.22,1375800
07/13/20,9.6,9.6,9.18,9.2,2106200
10/7/2020,9.76,9.86,9.2,9.5,1025000
9/7/2020,9.66,9.66,9.1,9.42,104100
8/7/2020,10,10,9.1,9.72,309000
7/7/2020,10,10,9.9,9.94,352400
6/7/2020,10.05,10.1,9.96,9.98,177400
3/7/2020,10.1,10.1,10,10.05,84900
2/7/2020,10.1,10.1,9.98,10,205800
1/7/2020,10,10.1,9.98,10,135800
06/30/20,10,10.05,9.98,10,118700
06/29/20,10.15,10.15,10,10.1,243900
06/26/20,10.1,10.15,10,10.1,170600
06/25/20,10.15,10.15,9.96,10.1,763400
06/24/20,10.2,10.25,9.98,10,12029500
06/23/20,10.1,10.4,9.98,10,9822600
06/22/20,9.9,10.8,9.86,9.94,196700
06/19/20,9.9,9.9,9.86,9.86,9197500
06/18/20,9.9,9.9,9.84,9.86,820800
06/17/20,9.9,9.9,9.84,9.88,3998000
06/16/20,9.9,9.9,9.82,9.86,190600
06/15/20,9.9,9.9,9.84,9.9,442600
12/6/2020,10,10,9.88,9.92,452600
11/6/2020,10,10,9.88,9.9,100600
10/6/2020,10,10,9.86,9.92,368800
9/6/2020,10,10,9.82,9.94,133100
8/6/2020,10.3,10.3,9.9,9.98,171200
5/6/2020,10.3,10.3,10,10.05,47900
4/6/2020,10.5,10.5,10,10.1,1180900
3/6/2020,10.8,10.85,10.75,10.8,826500
2/6/2020,10.9,11,10.75,10.8,2243000
05/29/20,11,11,10.7,10.8,1767600
05/28/20,10.5,11,10.5,10.75,997900
05/27/20,10.4,10.45,10.25,10.35,645900
05/26/20,10.5,10.5,10.4,10.5,479400
05/22/20,10.5,10.5,10.3,10.35,1433900
05/21/20,10.5,10.5,10.3,10.3,350300
05/20/20,11,11,10.35,10.45,393000
05/19/20,10.5,10.7,10.45,10.5,711600
05/18/20,10.65,10.65,10.5,10.5,446100
05/15/20,10.5,10.7,10.4,10.5,350800
05/14/20,10.75,10.8,10.5,10.5,11036000
05/13/20,10.8,10.8,10.65,10.7,643500
12/5/2020,10.85,10.85,10.6,10.65,312400
11/5/2020,11,11,10.75,10.85,810800
8/5/2020,11.1,11.1,10.95,11,388300
7/5/2020,11.5,11.9,10.75,10.95,1028500
6/5/2020,10.9,11.25,10.9,11.15,1353900
5/5/2020,10.75,11,10.75,10.85,890600
4/5/2020,10.6,10.6,10.55,10.6,467600
04/30/20,10.9,10.9,10.55,10.6,947300
04/29/20,10.6,10.6,10.5,10.55,918800
04/28/20,10.9,10.9,10.5,10.6,450700
04/27/20,10.6,10.6,10.4,10.55,1502600
04/24/20,10.6,10.6,10.5,10.6,659100
04/23/20,11,11,10.55,10.7,96800
04/22/20,10.5,10.85,10.25,10.35,84100
04/21/20,10.1,10.5,10,10.25,17396199
04/20/20,10.25,10.25,10,10.05,3317000
04/17/20,10.25,10.25,10.2,10.25,86000
04/16/20,10.4,10.4,10.2,10.25,289900
04/15/20,10.4,10.5,10.2,10.2,2343900
04/14/20,10.15,10.8,10,10.35,8300
9/4/2020,9.9,9.9,9.82,9.86,770000
8/4/2020,9.9,9.9,9.86,9.9,497300
7/4/2020,10.15,10.15,9.88,9.9,468000
6/4/2020,10,10.15,9.88,9.92,288100
3/4/2020,10,10,9.88,9.9,666200
2/4/2020,10.2,10.2,9.9,10,429800
1/4/2020,10.5,10.5,9.88,9.98,687900
03/31/20,10.6,11,9.9,10.1,426800
03/30/20,10.5,10.6,10,10.15,215000
03/27/20,10.3,10.3,9.8,9.82,2215700
03/26/20,10,10,9.5,9.9,213500
03/25/20,9.74,9.74,9.3,9.44,2033500
03/24/20,10,10,9.3,9.74,323700
03/23/20,11,11,9.9,10.2,314500
03/20/20,11.25,11.25,10.85,11,188500
03/19/20,11.2,11.2,10.9,11,137300
03/18/20,11.3,11.3,10.9,11.1,309200
03/17/20,11.55,12,11,11.4,83100
03/16/20,11.9,12,10.5,11.35,107200
03/13/20,11.6,12.45,11.25,11.6,230800
12/3/2020,12.45,12.7,12,12.45,297200
11/3/2020,12.8,13.2,12.5,12.8,116900
10/3/2020,12.8,12.9,12.5,12.8,592000
9/3/2020,13.1,13.25,12.7,13.1,238200
6/3/2020,13.3,13.5,13.25,13.3,435700
5/3/2020,13.3,14.2,13.15,13.3,2077300
4/3/2020,13.1,13.2,13,13.1,47500
3/3/2020,13,13.15,12.8,13,272600
2/3/2020,12.95,13.05,12,12.95,1945400
02/28/20,12.95,13.15,12.75,12.95,135100
02/27/20,13.1,13.1,13,13.1,715800
02/26/20,13,13.1,13,13,173300
02/25/20,13,13.15,12.9,13,68100
02/24/20,13.15,13.2,13,13.15,49700
02/21/20,12.95,13.15,12.95,12.95,174800
02/20/20,13.15,13.3,13,13.15,122500
02/19/20,13.15,13.3,13,13.15,243300
02/18/20,13.25,13.3,13.2,13.25,126800
02/17/20,13.3,13.35,13.15,13.3,5388100
02/14/20,13.2,13.35,13,13.2,166800
02/13/20,13.3,13.5,13,13.3,3069800
12/2/2020,13.3,13.4,13.3,13.3,10808200
6/2/2020,13.35,13.5,13.2,13.35,48000
5/2/2020,13.2,13.3,13.1,13.2,92700
4/2/2020,13.15,13.5,13.1,13.15,162100
3/2/2020,13.2,13.5,13,13.2,113400
01/31/20,13.05,13.2,13,13.05,963800
01/30/20,13,13.1,12.8,13,1610400
01/29/20,13,13.1,12.95,13,71700
01/28/20,13,13.1,12.95,13,399400
01/27/20,13.05,13.25,12.95,13.05,257900
01/24/20,13.1,13.25,13,13.1,224600
01/23/20,13.1,13.4,13,13.1,52300
01/22/20,13.2,13.4,13,13.2,96300
01/21/20,13.5,13.5,13.15,13.5,265000
01/20/20,13.4,13.6,13.1,13.4,1624400
01/17/20,13.5,13.6,13.35,13.5,74800
01/16/20,13.45,13.6,13.3,13.45,358100
01/15/20,13.6,13.75,13.5,13.6,50600
01/14/20,13.5,13.6,13.45,13.5,788700
01/13/20,13.5,13.85,13.35,13.5,605200
10/1/2020,13.3,13.5,13.05,13.3,314600
9/1/2020,13.25,13.3,13.15,13.25,147200
8/1/2020,13.2,13.35,13.05,13.2,267300
7/1/2020,13.3,13.45,13.1,13.3,2794200
6/1/2020,13.45,13.5,13.35,13.45,254100
3/1/2020,13.35,13.5,13.15,13.35,69200
2/1/2020,13.35,13.45,13.2,13.35,51800
12/31/19,13.35,13.45,13.2,13.35,115300
12/30/19,13.3,13.4,13.1,13.3,320500
12/27/19,13.3,13.3,13.2,13.3,41100
12/24/19,13.2,13.35,13.1,13.2,98400
12/23/19,13.1,13.3,13.05,13.1,118200
12/20/19,13.1,13.2,13,13.1,275000
12/19/19,13.05,13.4,13,13.05,831300
12/18/19,13.05,13.15,12.9,13.05,366000
12/17/19,13,13.05,12.9,13,287700
12/16/19,13,13.05,12.85,13,393800
12/13/19,13,13.1,12.8,13,32000
11/12/2019,13,13.1,12.65,13,457100
10/12/2019,12.8,13,12.55,12.8,310700
9/12/2019,12.8,12.8,12.6,12.8,683100
6/12/2019,12.65,12.8,12.5,12.65,39300
5/12/2019,12.75,12.75,12.55,12.75,473900
4/12/2019,12.7,12.8,12.6,12.7,86600
3/12/2019,12.95,13.05,12.75,12.95,377600
2/12/2019,12.9,13,12.65,12.9,118600
11/29/19,12.45,12.6,12.35,12.45,59000
11/28/19,12.25,12.6,12.1,12.25,186500
11/27/19,12.1,12.2,12,12.1,436200
11/26/19,12,12.2,11.95,12,190800
11/25/19,12,12,11.9,12,65800
11/22/19,12,12.1,11.8,12,155200
11/21/19,11.9,12.1,11.8,11.9,539400
11/20/19,11.85,12,11.8,11.85,764900
11/19/19,11.85,12,11.8,11.85,350700
11/18/19,11.95,12,11.85,11.95,300200
11/15/19,11.85,12,11.75,11.85,33600
11/14/19,11.8,12,11.75,11.8,91600
11/13/19,12.1,12.4,11.75,12.1,16000
12/11/2019,12.35,12.6,11.7,12.35,43600
11/11/2019,12.55,12.7,12.5,12.55,20200
8/11/2019,12.7,13.2,12,12.7,147900
7/11/2019,13.05,13.35,13,13.05,2325200
6/11/2019,13.35,13.7,13.05,13.35,575900
5/11/2019,13.05,13.15,13,13.05,225500
4/11/2019,13,13.4,12.8,13,1329800
1/11/2019,13.5,13.7,13.35,13.5,2995400
10/31/19,13.3,13.85,13,13.3,616100
10/30/19,12.6,12.8,12.4,12.6,203600
10/29/19,11.8,12,11.55,11.8,76500
10/28/19,11.55,11.7,11.5,11.55,66700
10/25/19,11.5,11.8,11.45,11.5,45800
10/24/19,11.5,11.6,11.35,11.5,124900
10/23/19,11.5,12,11.35,11.5,69600
10/22/19,11.4,11.5,11.2,11.4,772800
10/18/19,11.35,11.4,11.2,11.35,106100
10/17/19,11.15,11.35,11.1,11.15,139500
10/16/19,11.05,11.3,10.85,11.05,994300
10/15/19,11.1,11.3,11,11.1,43800
10/14/19,11.15,11.35,11.05,11.15,13800
11/10/2019,11.05,11.2,11.05,11.05,39500
9/10/2019,11.05,11.35,11,11.05,140400
8/10/2019,11.1,11.4,11,11.1,22400
7/10/2019,11,11.4,10.85,11,330000
4/10/2019,11.2,11.5,11,11.2,42700
3/10/2019,11.05,11.5,11,11.05,1057900
2/10/2019,11.1,11.5,11,11.1,113300
1/10/2019,11.1,11.5,10.85,11.1,51700
09/30/19,11,11.5,10.95,11,118900
09/27/19,10.95,11.75,10.8,10.95,1320800
09/26/19,10.85,10.95,10.8,10.85,315400
09/25/19,10.9,11,10.8,10.9,47300
09/24/19,10.85,11,10.8,10.85,343000
09/23/19,10.85,11,10.8,10.85,142900
09/20/19,10.9,11,10.8,10.9,1144200
09/19/19,10.9,11,10.9,10.9,13018800
09/18/19,10.85,10.95,10.8,10.85,351500
09/17/19,10.85,11,10.8,10.85,844100
09/16/19,10.85,11,10.6,10.85,54500
09/13/19,10.75,11,10.65,10.75,142800
12/9/2019,10.7,11,10.6,10.7,121500
11/9/2019,10.9,11,10.8,10.9,23079199
10/9/2019,10.8,11.8,10.6,10.8,29900
9/9/2019,10.8,11,10.8,10.8,951700
6/9/2019,10.95,11,10.85,10.95,89000
5/9/2019,11,11.1,10.9,11,2168400
4/9/2019,11,11.1,10.85,11,5564400
3/9/2019,10.85,11,10.8,10.85,216500
2/9/2019,10.95,11.5,10.9,10.95,83700
08/30/19,11,11.1,11,11,190000
08/29/19,11.05,11.25,10.95,11.05,94100
08/28/19,11,11.3,11,11,142200
08/27/19,10.9,11,10.7,10.9,994800
08/26/19,10.8,11,10.65,10.8,60800
08/23/19,10.65,10.7,10.6,10.65,88000
08/22/19,10.65,10.7,10.6,10.65,39800
08/21/19,10.65,10.7,10.6,10.65,757600
08/20/19,10.65,10.75,10.6,10.65,58000
08/19/19,10.75,10.8,10.65,10.75,736200
08/16/19,10.75,10.8,10.7,10.75,2651900
08/15/19,10.75,10.8,10.7,10.75,190300
08/14/19,10.6,10.8,10.6,10.6,289600
08/13/19,10.65,10.8,10.5,10.65,119800
9/8/2019,10.65,10.75,10.5,10.65,354900
8/8/2019,10.75,10.85,10.65,10.75,168300
7/8/2019,10.65,10.9,10.6,10.65,102300
6/8/2019,10.65,10.8,10.6,10.65,113500
5/8/2019,10.7,10.8,10.6,10.7,102400
2/8/2019,10.7,10.85,10.65,10.7,517400
1/8/2019,10.6,10.7,10.6,10.6,56400
07/31/19,10.65,10.8,10.55,10.65,68000
07/30/19,10.55,10.8,10.5,10.55,64800
07/29/19,10.5,10.85,10.5,10.5,93900
07/26/19,10.45,10.95,10.35,10.45,48800
07/25/19,10.4,10.5,10.35,10.4,520300
07/24/19,10.35,10.4,10.35,10.35,116000
07/23/19,10.3,10.4,10.25,10.3,15501300
07/22/19,10.3,10.4,10.25,10.3,354200
07/19/19,10.3,10.35,10.3,10.3,105600
07/18/19,10.3,10.5,10.25,10.3,1125200
07/17/19,10.35,11,10.3,10.35,97800
07/16/19,10.3,10.5,10.25,10.3,591600
07/15/19,10.25,10.5,10.25,10.25,72700
12/7/2019,10.3,10.4,10.25,10.3,47400
11/7/2019,10.35,10.4,10.3,10.35,310400
10/7/2019,10.3,10.35,10.3,10.3,289600
9/7/2019,10.25,10.4,10.25,10.25,117400
8/7/2019,10.25,10.5,10.25,10.25,217400
5/7/2019,10.3,10.5,10.3,10.3,49900
4/7/2019,10.2,10.4,10.2,10.2,10138800
3/7/2019,10.35,10.4,10.3,10.35,274000
2/7/2019,10.35,10.5,10.3,10.35,186400
1/7/2019,10.4,10.5,10.35,10.4,79300
06/28/19,10.45,10.5,10.35,10.45,340200
06/27/19,10.4,10.45,10.35,10.4,1544500
06/26/19,10.35,10.45,10.3,10.35,216900
06/25/19,10.4,10.45,10.35,10.4,1853500
06/24/19,10.35,10.4,10.35,10.35,233000
06/21/19,10.4,10.5,10.35,10.4,61100
06/20/19,10.4,10.5,10.35,10.4,322900
06/19/19,10.4,10.5,10.3,10.4,2177800
06/18/19,10.35,10.5,10.3,10.35,1317800
06/17/19,10.3,10.4,10.25,10.3,139700
06/14/19,10.35,11,10.25,10.35,430400
06/13/19,10.25,10.7,10.25,10.25,235200
12/6/2019,10.3,10.5,10.25,10.3,1206800
11/6/2019,10.4,10.5,10.3,10.4,1367000
10/6/2019,10.3,10.35,10.25,10.3,1874400
7/6/2019,10.4,10.45,10.35,10.4,117900
6/6/2019,10.4,10.5,10.3,10.4,1280600
4/6/2019,10.35,10.5,10.3,10.35,67800
3/6/2019,10.3,10.4,10.25,10.3,219700
05/31/19,10.25,10.5,10.2,10.25,154100
05/30/19,10.4,10.55,10.3,10.4,2279300
05/29/19,10.4,10.55,10.3,10.4,621400
05/28/19,10.4,10.5,10.35,10.4,310800
05/27/19,10.4,10.55,10.3,10.4,56800
05/24/19,10.35,10.45,10.3,10.35,135700
05/23/19,10.3,10.55,10.3,10.3,129200
05/22/19,10.45,10.7,10.05,10.45,538000
05/21/19,10.15,10.6,10.05,10.15,89500
05/20/19,10.45,10.55,10.05,10.45,2672700
05/17/19,10.5,10.65,10.5,10.5,350100
05/16/19,10.55,10.65,10.5,10.55,109200
05/15/19,10.6,10.7,10.6,10.6,313900
05/14/19,10.65,10.75,10.6,10.65,6728100
05/13/19,10.65,10.75,10.6,10.65,51100
10/5/2019,10.65,10.8,10.65,10.65,202300
9/5/2019,10.75,10.95,10.65,10.75,934400
8/5/2019,10.7,11,10.65,10.7,589700
7/5/2019,10.7,10.75,10.6,10.7,127900
6/5/2019,10.55,10.7,10.5,10.55,120500
3/5/2019,10.55,10.7,10.5,10.55,298200
2/5/2019,10.5,11.9,10.25,10.5,365700
04/30/19,12,12.15,11.9,12,1863100
04/29/19,11.9,12.3,11.8,11.9,340600
04/26/19,11.95,12,11.9,11.95,366600
04/25/19,11.9,12,11.8,11.9,225600
04/24/19,12,12.05,11.95,12,2077200
04/23/19,11.9,12.1,11.55,11.9,200800
04/18/19,11.95,12.1,11.8,11.95,408500
04/17/19,12,12.1,12,12,153700
04/16/19,12,12.2,12,12,374100
04/15/19,12,12.05,12,12,116900
12/4/2019,12.05,12.3,12,12.05,113900
11/4/2019,12.05,12.4,12,12.05,464900
10/4/2019,12.1,12.45,12,12.1,255900
9/4/2019,12,12.3,12,12,98300
8/4/2019,12,12.5,11.95,12,1183700
5/4/2019,11.95,12,11.95,11.95,145200
4/4/2019,11.9,12,11.9,11.9,739000
3/4/2019,11.95,12,11.85,11.95,286200
2/4/2019,11.9,11.9,11.85,11.9,688600
1/4/2019,11.8,11.8,11.8,11.8,52400
03/29/19,11.8,11.9,11.7,11.8,158100
03/28/19,11.75,11.9,11.7,11.75,234100
03/27/19,11.85,12,11.8,11.85,403800
03/26/19,11.85,12,11.8,11.85,429000
03/25/19,11.85,12,11.8,11.85,133500
03/22/19,11.95,12,11.85,11.95,3919000
03/21/19,11.9,11.95,11.85,11.9,105400
03/20/19,11.9,12,11.8,11.9,638800
03/19/19,11.9,12,11.85,11.9,2120600
03/18/19,11.9,11.95,11.85,11.9,371700
03/15/19,11.85,11.95,11.75,11.85,383000
03/14/19,11.85,11.85,11.7,11.85,3803900
03/13/19,11.8,11.85,11.7,11.8,182300
12/3/2019,11.8,11.9,11.7,11.8,164700
11/3/2019,11.7,11.9,11.4,11.7,186600
8/3/2019,11.6,11.9,11.25,11.6,342300
7/3/2019,11.75,12,11.6,11.75,1067900
6/3/2019,11.75,12,11.6,11.75,5044100
5/3/2019,11.4,11.9,11.3,11.4,450800
4/3/2019,11.3,11.5,11.2,11.3,124100
1/3/2019,11.3,11.8,11.2,11.3,185100
02/28/19,11.1,11.4,10.95,11.1,2000600
02/27/19,11.35,11.6,11,11.35,123200
02/26/19,11.6,11.7,11.55,11.6,857300
02/25/19,11.55,11.65,11.5,11.55,873000
02/22/19,11.5,11.8,11.5,11.5,1057100
02/21/19,11.6,11.8,11.5,11.6,52500
02/20/19,11.7,11.8,11.45,11.7,151400
02/19/19,11.45,11.6,11.3,11.45,242400
02/18/19,11.5,11.8,11.3,11.5,174000
02/15/19,11.8,12,11.55,11.8,251100
02/14/19,11.85,11.95,11.8,11.85,510900
02/13/19,11.9,12.1,11.9,11.9,531100
12/2/2019,12,12.1,11.95,12,608400
11/2/2019,12.2,12.5,12.05,12.2,249800
8/2/2019,12.25,12.5,11.9,12.25,51400
7/2/2019,11.95,12,11.9,11.95,18460500
6/2/2019,11.6,11.9,11.5,11.6,103800
5/2/2019,11.5,12,11.45,11.5,3320600
4/2/2019,11.45,11.55,11.4,11.45,131100
1/2/2019,11.45,11.5,11.45,11.45,152200
01/31/19,11.5,11.55,11.3,11.5,11730800
01/30/19,11.5,11.8,11.3,11.5,783600
01/29/19,11.55,11.6,11.5,11.55,58000
01/28/19,11.5,11.8,11.35,11.5,2705600
01/25/19,11.35,11.5,11.3,11.35,94900
01/24/19,11.45,11.8,11.4,11.45,582900
01/23/19,11.45,11.55,11.4,11.45,176600
01/22/19,11.5,11.7,11.5,11.5,127900
01/21/19,11.55,11.9,11.5,11.55,623700
01/18/19,11.5,11.8,11.5,11.65,650800
01/17/19,11.5,11.8,11.5,11.5,153100
01/16/19,11.35,11.5,11.1,11.35,47100
01/15/19,11.2,11.5,11,11.2,58500
01/14/19,11.05,11.3,11,11.05,272100
11/1/2019,11.1,11.2,11.05,11.1,75600
10/1/2019,11.1,11.5,11,11.1,92300
9/1/2019,11,11.1,11,11,113500
8/1/2019,11,11,10.9,11,35400
7/1/2019,10.9,11,10.85,10.9,153600
4/1/2019,10.9,11,10.85,10.9,47300
3/1/2019,10.9,11,10.85,10.9,53200
2/1/2019,10.85,11,10.8,10.85,120200
12/31/18,10.95,11,10.9,10.95,241100
12/28/18,10.9,11.5,10.85,10.9,40600
12/27/18,11.05,11.65,10.85,11.05,31300
12/24/18,11.05,11.5,10.95,11.05,68800
12/21/18,11.1,11.25,11,11.1,80700
12/20/18,10.95,11.1,10.85,10.95,49700
12/19/18,10.95,11.1,10.95,10.95,16000
12/18/18,10.95,11.1,10.8,10.95,158800
12/17/18,10.95,11.1,10.7,10.95,291400
12/14/18,10.8,11,10.7,10.8,224500
12/13/18,10.75,11,10.7,10.75,1040700
11/12/2018,10.7,10.8,10.7,10.7,88100
10/12/2018,10.75,10.8,10.7,10.75,402100
7/12/2018,10.75,10.9,10.7,10.75,368400
6/12/2018,10.75,11,10.7,10.75,571700
5/12/2018,10.7,11,10.7,10.7,92900
4/12/2018,10.7,10.75,10.65,10.7,488700
3/12/2018,10.7,10.95,10.7,10.7,171400
11/30/18,10.75,10.95,10.7,10.75,169100
11/29/18,10.7,10.75,10.65,10.7,79100
11/28/18,10.65,10.7,10.6,10.65,45700
11/27/18,10.7,10.85,10.65,10.7,322400
11/26/18,10.7,11,10.7,10.7,195900
11/23/18,10.95,11.3,10.65,10.95,97400
11/22/18,11.2,11.5,10.6,11.2,448900
11/21/18,11.5,11.55,11.45,11.5,349000
11/20/18,11.5,11.6,11.5,11.5,175100
11/19/18,11.5,11.55,11.5,11.5,171900
11/16/18,11.55,11.6,11.5,11.55,105100
11/15/18,11.55,12,11.5,11.55,839100
11/14/18,11.5,11.65,11.5,11.5,263600
11/13/18,11.5,11.55,11.4,11.5,403200
12/11/2018,11.35,11.5,11.3,11.35,67500
9/11/2018,11.2,11.7,11.15,11.2,22300
8/11/2018,11.15,11.25,11.15,11.15,1431600
7/11/2018,11.15,11.3,11.1,11.15,63900
6/11/2018,11.25,11.8,10.8,11.25,185600
5/11/2018,10.8,11.1,10.7,10.8,140100
2/11/2018,10.95,11,10.8,10.95,162500
1/11/2018,10.65,10.8,10.5,10.65,68600
10/31/18,10.65,10.85,10.5,10.65,99700
10/30/18,10.7,10.85,10.55,10.7,49300
10/29/18,10.6,10.9,10.5,10.6,49300
10/26/18,10.4,10.9,10.2,10.4,622700
10/25/18,10.25,10.4,10.25,10.25,56000
10/24/18,10.3,10.5,10.3,10.3,63500
10/23/18,10.5,10.75,10.4,10.5,272400
10/22/18,10.5,10.6,10.4,10.5,245500
10/19/18,10.45,10.6,10.25,10.45,265900
10/18/18,10.45,10.65,10.25,10.45,734000
10/17/18,10.5,10.6,10.45,10.5,279800
10/16/18,10.45,10.55,10.1,10.45,168800
10/15/18,10.35,10.55,10.25,10.35,68000
12/10/2018,10.35,10.65,10.15,10.35,67800
11/10/2018,10,10.6,10,10,2109300
9/10/2018,10.5,10.6,10.25,10.5,309000
8/10/2018,10.6,10.75,10.55,10.6,111200
5/10/2018,10.65,10.75,10.5,10.65,92800
4/10/2018,10.6,10.9,10.5,10.6,77300
3/10/2018,10.6,10.65,10.55,10.6,105300
2/10/2018,10.55,10.8,10.5,10.55,572000
1/10/2018,10.65,10.75,10.6,10.65,102600
09/28/18,10.6,10.75,10.5,10.6,137800
09/27/18,10.55,10.8,10.5,10.55,154100
09/26/18,10.55,10.8,10.4,10.55,135900
09/25/18,10.4,10.9,10.25,10.4,105000
09/24/18,10.2,10.35,10,10.2,124300
09/21/18,10.15,10.2,10,10.15,281700
09/20/18,10.1,10.25,10,10.1,303300
09/19/18,10.15,10.45,10,10.15,306900
09/18/18,10.2,10.55,10.15,10.2,4586000
09/17/18,10.15,10.25,10.05,10.15,5113300
09/14/18,10.15,10.3,10,10.15,8935200
09/13/18,10.15,11,10,10.15,202500
12/9/2018,10.25,10.6,10,10.25,88300
11/9/2018,10.55,10.9,10.3,10.55,68900
10/9/2018,10.8,11,10.8,10.8,2133800
7/9/2018,11,11.2,11,11,2918600
6/9/2018,11.05,11.3,11,11.05,212500
5/9/2018,11.15,11.3,11.15,11.15,90000
4/9/2018,11.1,11.25,11,11.1,84500
3/9/2018,11.05,11.4,11,11.05,299400
08/31/18,11.1,11.5,11,11.1,56600
08/30/18,11.5,11.65,11.5,11.5,2100800
08/29/18,11.65,11.8,11.6,11.65,790400
08/28/18,11.65,11.75,11.6,11.65,138400
08/27/18,11.65,11.8,11.6,11.65,232100
08/24/18,11.75,11.85,11.75,11.75,174300
08/23/18,11.75,11.8,11.7,11.75,193800
08/22/18,11.75,12,11.75,11.75,2817900
08/20/18,12.05,12.15,12,12.05,44800
08/17/18,12,12.3,11.85,12,130100
08/16/18,12.15,12.3,12.15,12.15,188300
08/15/18,12.25,12.6,12.2,12.25,254300
08/14/18,12.55,12.75,12.5,12.55,196300
08/13/18,12.35,12.5,12.15,12.35,78200
10/8/2018,12.1,12.25,12.05,12.1,288000
9/8/2018,12.05,12.15,12,12.05,484300
8/8/2018,11.95,12.3,11.75,11.95,299600
7/8/2018,11.75,11.9,11.7,11.75,269000
6/8/2018,11.7,11.8,11.7,11.7,189400
3/8/2018,11.7,11.75,11.6,11.7,223900
2/8/2018,11.6,12,11.6,11.6,866600
1/8/2018,11.6,11.75,11.6,11.6,103000
07/31/18,11.55,11.6,11.55,11.55,147400
07/30/18,11.5,11.6,11.45,11.5,240700
07/27/18,11.55,11.6,11.5,11.55,174700
07/26/18,11.55,11.8,11.55,11.55,117800
07/25/18,11.55,11.9,11.5,11.55,638200
07/24/18,11.5,11.55,11.5,11.5,856200
07/23/18,11.5,11.5,11.5,11.5,3293500
07/20/18,11.5,11.7,11.5,11.5,206400
07/19/18,11.45,11.5,11.4,11.45,252800
07/18/18,11.5,11.65,11.45,11.5,64600
07/17/18,11.45,11.65,11.4,11.45,159800
07/16/18,11.45,11.7,11.4,11.45,124700
07/13/18,11.45,11.8,11.4,11.45,100300
12/7/2018,11.5,11.7,11.45,11.5,1343500
11/7/2018,11.45,11.55,11.4,11.45,605900
10/7/2018,11.45,11.6,11.45,11.45,129600
9/7/2018,11.4,11.5,11.4,11.4,101000
6/7/2018,11.35,11.45,11.3,11.35,181300
5/7/2018,11.4,11.5,11.3,11.4,98300
4/7/2018,11.45,11.65,11.4,11.45,106900
3/7/2018,11.5,11.75,11.3,11.5,1815200
2/7/2018,11.7,11.9,11.3,11.7,7794400
06/29/18,11.45,11.8,11,11.45,216000
06/28/18,11.85,11.95,11.75,11.85,158200
06/27/18,11.9,12,11.9,11.9,276600
06/26/18,11.9,12,11.9,11.9,429700
06/25/18,11.95,12,11.9,11.95,462000
06/22/18,11.9,11.95,11.85,11.9,266600
06/21/18,11.9,12,11.85,11.9,571000
06/20/18,11.95,11.95,11.85,11.95,547800
06/19/18,11.9,11.95,11.9,11.9,124300
06/18/18,11.85,12,11.8,11.85,591500
06/14/18,11.85,11.9,11.8,11.85,141300
06/13/18,11.85,11.95,11.8,11.85,158000
12/6/2018,11.85,11.95,11.8,11.85,108600
11/6/2018,11.8,11.9,11.8,11.8,106500
8/6/2018,11.85,11.95,11.85,11.85,341500
7/6/2018,11.85,11.95,11.85,11.85,19000
6/6/2018,11.8,11.9,11.75,11.8,133500
5/6/2018,11.8,11.9,11.8,11.8,250400
4/6/2018,11.85,12,11.8,11.85,143700
05/31/18,11.8,12,11.75,11.8,243500
05/30/18,11.75,11.8,11.75,11.75,573400
05/29/18,11.75,11.85,11.75,11.75,722900
05/28/18,11.75,11.85,11.75,11.75,144500
05/25/18,11.75,11.8,11.75,11.75,19962900
05/24/18,11.75,11.8,11.75,11.75,1125300
05/23/18,11.75,11.85,11.7,11.75,15376200
05/22/18,11.75,11.8,11.7,11.75,538000
05/21/18,11.7,11.75,11.65,11.7,474400
05/18/18,11.75,11.85,11.7,11.75,965300
05/17/18,11.7,11.85,11.7,11.7,1815600
05/16/18,11.65,11.75,11.05,11.65,546700
05/15/18,11.7,11.8,11.7,11.7,105400
05/14/18,11.7,11.8,11.7,11.7,108400
11/5/2018,11.7,12.5,11.7,11.7,377600
10/5/2018,11.7,11.9,11.7,11.7,486300
9/5/2018,11.7,12,11.65,11.7,7620800
8/5/2018,11.75,12,11.5,11.75,59500
7/5/2018,12,12.1,11.9,12,6047900
4/5/2018,12,12.1,11.8,12,5397000
3/5/2018,12,12.05,11.8,12,819800
2/5/2018,12.05,13.5,11.95,12.05,1033800
04/30/18,13.25,13.5,13.1,13.25,801200
04/27/18,13.35,13.45,13.15,13.35,899500
04/26/18,13.4,13.5,13.1,13.4,2301900
04/25/18,13.15,13.4,12.7,13.15,1940800
04/24/18,12.7,12.85,12.65,12.7,931200
04/23/18,12.8,12.9,12.8,12.8,340900
04/20/18,12.95,13.1,12.85,12.95,1526800
04/19/18,13,13.15,12.95,13,1787200
04/18/18,13.2,13.3,13,13.2,526500
04/17/18,13.3,13.4,13.25,13.3,1413600
04/16/18,13.35,13.4,13,13.35,494500
04/13/18,13,13.4,13,13,10219200
12/4/2018,12.95,13.2,12.85,12.95,1004200
11/4/2018,12.9,13,12.85,12.9,985800
10/4/2018,12.95,13.3,12.95,12.95,5302800
9/4/2018,12.95,13,12.9,12.95,1639700
6/4/2018,12.95,13,12.95,12.95,2263000
5/4/2018,12.95,13,12.85,12.95,376200
4/4/2018,12.8,13,12.8,12.8,1322500
3/4/2018,12.8,13,12.6,12.8,1252600
03/29/18,12.55,12.7,12.5,12.55,946700
03/28/18,12.55,12.65,12.5,12.55,940000
03/27/18,12.6,12.7,12.5,12.6,4629900
03/26/18,12.65,12.75,12.65,12.65,1571200
03/23/18,12.65,12.7,12.5,12.65,1139900
03/22/18,12.65,12.8,12.4,12.65,1254400
03/21/18,12.65,12.9,12.4,12.65,1616600
03/20/18,12.3,12.45,12.2,12.3,3218100
03/19/18,12.2,12.5,11.95,12.2,2086300
03/16/18,11.95,12,11.8,11.95,1177300
03/15/18,11.95,12,11.65,11.95,1344000
03/14/18,11.65,11.8,11.55,11.65,1736000
03/13/18,11.45,11.8,11,11.45,2123400
12/3/2018,11.2,11.3,11.05,11.2,513600
9/3/2018,11.1,11.3,11.05,11.1,2039800
8/3/2018,11.2,11.3,11.05,11.2,642000
7/3/2018,11.2,11.3,11.15,11.2,661400
6/3/2018,11.1,11.2,11.05,11.1,664100
5/3/2018,11.05,11.15,11.05,11.05,272300
2/3/2018,11.1,11.25,11.1,11.1,349000
1/3/2018,11.25,11.6,11,11.25,4430900
02/28/18,11,11.1,10.95,11,786500
02/27/18,10.95,11.05,10.85,10.95,475900
02/26/18,10.85,10.9,10.8,10.85,410800
02/23/18,10.85,10.9,10.8,10.85,404100
02/22/18,10.85,10.9,10.8,10.85,275400
02/21/18,10.75,10.9,10.7,10.75,142200
02/20/18,10.7,10.75,10.65,10.7,1638600
02/19/18,10.65,10.7,10.6,10.65,786700
02/16/18,10.65,10.7,10.6,10.65,472700
02/15/18,10.65,10.7,10.65,10.65,249900
02/14/18,10.65,10.8,10.6,10.65,652100
02/13/18,10.6,10.75,10.6,10.6,128400
12/2/2018,10.65,10.75,10.6,10.65,154900
9/2/2018,10.6,10.7,10.55,10.6,153500
8/2/2018,10.55,10.7,10.5,10.55,264700
7/2/2018,10.55,10.65,10.5,10.55,19200
6/2/2018,10.5,10.7,10.35,10.5,1044500
5/2/2018,10.65,10.9,10.55,10.65,3522800
2/2/2018,10.7,11,10.55,10.7,2833000
1/2/2018,10.75,10.8,10.4,10.75,2392000
01/31/18,10.6,10.8,10.45,10.6,430200
01/30/18,10.5,10.6,10.3,10.5,14715300
01/29/18,10.5,10.75,10.4,10.5,299200
01/26/18,10.5,10.75,10.4,10.5,643500
01/25/18,10.35,10.5,10.2,10.35,258500
01/24/18,10.15,10.75,10.1,10.15,255300
01/23/18,10.7,10.9,10.1,10.7,239600
01/22/18,10.9,11.2,10.8,10.9,669400
01/19/18,10.8,10.9,10.5,10.8,297000
01/18/18,9.95,10.5,9.9,9.95,4203600
01/17/18,9.8,10,9.7,9.8,668000
01/16/18,9.75,9.85,9.6,9.75,404100
01/15/18,9.8,9.8,9.7,9.8,5438100
12/1/2018,9.75,9.9,9.7,9.75,586300
11/1/2018,9.8,9.85,9.75,9.8,916600
10/1/2018,9.75,9.85,9.75,9.75,285400
9/1/2018,9.65,9.9,9.6,9.65,110500
8/1/2018,9.6,9.7,9.55,9.6,189200
5/1/2018,9.55,9.65,9.5,9.55,253800
4/1/2018,9.55,9.8,9.5,9.55,1361000
3/1/2018,9.6,9.6,9.55,9.6,376400
2/1/2018,9.6,9.9,9.55,9.6,255900